N,Sex,Age,Smoker,ICC,AH,COPD,AB,Gout,CP,ICD,PU ,Gastritis,Pancreatitis,Diabetes,Tiroides,Height,Weight,Waist,Hip,BMI,BSA,AD1,AD2,Hemoglobin,Leukocytes,Erythrocyte,Platelets,ESR,Hematocrit,MCV,MCH,MCHC,RDW-CV,RDW-SD,MPV,PDW,PCT,Glucose,Creatinine,SRP,T.protein,Uric_acid,GRACE,HR,VD,Stenosis,OPKA
1,male,47,yes,yes,yes,not,not,not,not,not,not,not,not,not,not,190,110,110,110,30.47091413,2.377138991,120,80,152,12.2,4.68,185,13,44.3,91.3,32.6,352,15.3,48.1,8.6,15.8,0.243,6.8,92,0,78,286,87,88,three_vessel,yes,yes
2,female,51,yes,yes,yes,not,not,not,yes,yes,not,not,not,not,not,166,83,101,113,30.12048193,1.912286137,160,80,158,8.3,4.86,271,26,42.6,87.7,32.5,371,13.2,45.4,10.6,14.5,0.29,6.4,60,0.59,85,342,90,92,NPKA,not,not
3,male,58,not,yes,yes,not,not,not,not,not,not,yes,not,not,not,162,80,94,108,30.48315806,1.849600583,150,80,160,9.8,5,239,18,44.1,90.2,33.2,344,14,49,9.1,15.7,0.217,5.6,108,5.9,82,476,93,61,NPKA,not,not
4,female,52,not,not,not,not,not,not,not,not,not,not,not,not,not,160,68,82,105,26.5625,1.710683234,100,70,130,4.2,4.52,299,10,40.4,89.4,28.7,321,14.4,49,7.1,15.4,0.212,5.3,65,0,70,324,90,49,NPKA,not,not
5,male,62,not,yes,yes,not,not,not,not,not,not,not,not,yes,not,169,90,100,104,31.5115017,2.005105605,140,80,138,9.4,4.54,241,9,43.5,89.4,33.4,349,14.2,48.6,7.8,15.1,0.184,7,97,0,75,399,94,70,P,yes,yes
6,male,65,yes,yes,not,not,not,not,not,not,yes,not,not,not,not,178,80,95,100,25.2493372,1.980314055,140,80,142,7.1,4.68,311,8,42.5,91.7,32,338,15.1,49.1,8.2,16.1,0.179,4.5,94,0,74,264,102,60,NPKA,not,yes
7,male,63,not,yes,yes,not,not,yes,not,not,not,not,not,not,not,176,80,94,96,25.82644628,1.964157241,160,90,154,16.2,4.61,253,13,45.1,97.2,32.9,339,14.4,51.1,8.7,16.2,0.195,6.2,131,2,72,534,95,70,three_vessel,yes,yes
8,male,70,not,yes,yes,not,not,not,not,not,not,not,not,yes,not,160,80,94,82,31.25,1.833017265,200,110,138,7.5,4.45,212,3,41,95.6,31.8,334,14.1,48.3,8.5,16.8,0.257,9.9,106,7,74,443,105,69,NPKA,not,yes
9,female,67,not,yes,yes,not,not,not,not,not,not,not,not,not,not,160,63,80,94,24.609375,1.656048473,150,80,135,7.7,4.35,252,7,39.1,89.3,32.3,363,12.8,44.2,8.7,15.3,0.223,6.4,99,0,78,292,104,64,NPKA,not,not
10,male,48,not,not,yes,not,not,not,not,not,yes,not,not,not,not,185,115,105,110,33.60116874,2.376087387,240,110,167,5.7,4.8,216,4,43.7,89.8,32.1,354,14.8,46.2,8.8,14.6,0.188,6.7,77,1.5,64,340,88,67,NPKA,not,not
11,female,69,not,yes,yes,not,not,not,not,not,not,not,not,not,yes,166,60,80,100,21.77384236,1.665938515,150,80,142,4.4,4.53,215,13,41.7,92.1,31.3,340,15,49.7,8.2,15.4,0.176,5.4,62,0,76,306,98,69,NPKA,not,not
12,male,65,yes,yes,yes,not,not,not,not,not,not,not,not,not,not,179,82,94,102,25.59220998,2.009350311,150,90,155,6.2,4.7,112,8,43,91.5,32.9,360,13.7,45.4,9.1,16,0.101,6.2,136,0.7,85,431,81,90,PMZV_OB,yes,yes
13,male,71,not,yes,yes,not,not,not,not,not,not,yes,not,not,not,169,92,97,99,32.21175729,2.023923118,160,95,130,6.5,4.36,288,4,44.1,93.8,35.5,358,14.5,48.9,8.6,15.3,0.215,4.48,88,4,80,400,108,74,PKA,not,yes
14,male,55,yes,yes,yes,not,not,not,not,yes,not,not,not,not,not,180,95,104,110,29.32098765,2.147689145,130,80,148,10.2,4.5,266,20,41,92.5,33.2,350,14.5,51.1,8.3,15.7,0.191,9.7,171,15,80,653,89,127,PKA,yes,yes
15,female,65,not,not,yes,not,not,not,not,not,not,not,not,not,not,160,98,123,126,38.28125,1.998133004,160,90,138,6,4.3,256,4,41,95.5,31.2,331,15.3,53.4,7.4,16,0.18,6.9,43,0,69,326,79,68,NPKA,not,not
16,male,53,yes,not,yes,not,not,not,not,not,yes,not,not,not,not,172,92,100,108,31.09789075,2.049907547,135,100,154,8.1,4.71,256,5,44.8,95.3,32.6,343,15.1,51.1,9.5,16,0.245,5.2,86,13.7,71,344,79,71,PMZV_OB,yes,yes
17,male,65,not,yes,yes,not,not,not,not,not,not,not,not,yes,not,176,95,113,109,30.66890496,2.112980748,180,70,176,9,5.58,223,2,50.5,90.6,31.5,348,14.8,47.6,7.9,15.8,0.176,7.1,79,10.9,79,296,89,68,PMZV_OB,yes,yes
18,female,53,yes,yes,not,not,not,not,yes,not,not,yes,not,not,not,163,72,100,106,27.09925101,1.776514055,130,80,136,4.4,4.36,225,2,38.8,90.6,30.7,340,15.2,44.8,9.1,15.7,0.179,5.8,77,0,69,355,80,82,PKA,yes,yes
19,male,58,not,yes,yes,not,not,not,not,not,not,not,not,yes,not,166,96,114,110,34.83814777,2.034276403,160,80,144,11.7,4.62,207,5,42.4,92.6,33.4,334,15.3,52.4,7.9,15.3,0.212,13.7,84,0,72,418,108,75,OB,not,yes
20,male,50,not,yes,not,not,not,not,not,not,not,not,not,not,not,176,90,92,101,29.05475207,2.064981068,110,70,154,5.5,5.45,235,10,45.1,90.1,31.2,354,14.3,46.6,8.4,15.8,0.21,5.4,60,0.5,84,303,82,60,NPKA,not,not
21,female,63,not,yes,yes,not,not,not,not,not,not,yes,not,not,not,169,80,88,101,28.01022373,1.90720523,130,80,139,9.26,4.69,394,17,41.4,88.3,29.6,394,13.9,45.9,10.9,12,0.43,5.2,91,2,74,333,88,52,NPKA,not,not
22,female,61,not,yes,yes,not,not,not,yes,yes,not,not,yes,not,not,165,88,110,122,32.32323232,1.951853954,170,100,132,9.4,4.41,216,5,40.4,91.2,33.8,336,14.2,49.6,8.9,15.2,0.238,7.6,102,2.4,70,383,81,50,NPKA,not,not
23,female,70,not,yes,yes,not,not,not,yes,yes,not,not,not,not,not,164,85,109,115,31.60321237,1.914834118,180,110,137,7.8,5,265,2,45.8,90.3,31,352,14.4,48.5,7.8,15.9,0.225,6.2,78,4,76,455,102,75,three_vessel,yes,yes
24,male,62,not,yes,yes,not,not,not,not,not,not,not,not,not,not,178,93,100,110,29.3523545,2.111183964,190,100,145,7.7,5.12,278,4,43.1,92.3,33.1,354,14,49.2,8.6,14.4,0.182,5.5,58,0.7,74,380,106,60,PKA,yes,yes
25,male,66,yes,yes,yes,yes,not,not,not,not,not,yes,not,not,not,172,74,92,96,25.01352082,1.868735899,160,90,156,9.8,4.48,111,18,45,100.5,34.8,346,14.5,52.6,9.5,16,0.105,6.9,127,12.7,82,505,105,88,three_vessel,yes,yes
26,male,49,yes,yes,not,not,not,not,not,yes,not,not,not,not,not,170,80,91,100,27.6816609,1.915380387,120,70,150,8.4,5.5,278,7,44.9,85.6,31.2,353,15.2,47.2,8.1,15.6,0.199,4.8,89,7.5,84,372,87,68,three_vessel,yes,yes
27,male,77,not,yes,yes,not,not,not,not,not,not,not,not,not,not,180,83,90,105,25.61728395,2.02790254,140,80,130,4.6,3.95,200,17,36.6,92.9,32.9,355,13,45.4,8,16,0.16,6.3,108,5.5,74,384,93,60,PKA,yes,yes
28,male,59,not,yes,yes,not,not,not,not,not,not,not,not,yes,not,172,79,90,95,26.70362358,1.921391926,150,80,148,5.6,4.95,281,11,44.8,90.5,30.5,334,15.2,46.5,8.8,15.8,0.191,7.5,109,1.1,84,367,83,58,three_vessel,yes,yes
29,female,64,not,yes,yes,not,not,not,not,not,yes,not,not,not,not,165,85,109,117,31.22130395,1.923292007,125,80,136,5.2,4.62,224,17,40.2,90.1,31.4,345,15.2,50.1,8.6,15.4,0.232,7.1,73,1.7,79,354,99,77,PKA,yes,yes
30,male,69,yes,yes,yes,not,not,not,not,not,not,not,not,not,not,170,88,101,99,30.44982699,1.994559183,120,70,152,6.2,4.85,256,15,43.9,91.5,32.9,360,13.7,45.4,9.1,16,0.101,6.4,118,8.2,75,425,102,64,three_vessel,yes,yes
31,male,67,yes,yes,yes,not,not,not,not,not,not,not,not,not,not,174,80,102,93,26.42356982,1.947949856,150,95,119,6.5,3.63,168,3,34.7,95.8,32.7,342,14.5,50.4,8.9,15.7,0.149,9.7,83,6,54,113,85,59,NPKA,not,not
32,female,61,not,yes,yes,not,not,not,not,yes,not,not,yes,yes,not,156,80,88,100,32.8731098,1.799678391,150,85,142,6.3,4.45,179,8,39.4,91.1,34.1,335,14.3,49.1,8.9,15.1,0.236,6.3,65,1.8,69,343,94,70,NPKA,not,not
33,male,66,yes,yes,yes,not,not,not,not,not,not,yes,not,yes,not,171,80,100,100,27.35884546,1.923542331,140,90,122,9,4.2,392,30,37,90.1,29.2,342,13.4,43.8,10.2,12.4,0.12,12.4,87,0,74,201,102,80,PMZV,yes,yes
34,male,58,yes,yes,not,not,not,not,not,not,not,yes,not,not,not,178,90,100,104,28.40550436,2.081967241,115,70,107,6.5,3.99,425,59,44.5,90.8,31.4,328,15.3,46.6,8.6,15.7,0.19,5.1,116,0,78,390,86,57,PMZV,yes,yes
35,female,70,not,yes,yes,not,not,not,yes,yes,not,yes,not,not,not,168,90,108,119,31.8877551,1.996496805,200,110,143,7.8,4.98,353,19,40.1,88.9,30.8,329,14.1,45.4,9,15.8,0.195,5.8,93,2.7,73,301,79,68,NPKA,not,not
36,male,69,yes,yes,yes,not,not,not,not,yes,not,not,not,not,not,170,90,103,98,31.14186851,2.013700409,150,80,162,10.8,4.86,214,7,46.2,94.2,34.2,328,14.7,50.6,8.6,15.9,0.211,7.4,113,4.8,82,376,79,56,three_vessel,yes,yes
37,male,78,not,yes,yes,not,not,not,not,not,not,not,not,yes,not,174,80,90,97,26.42356982,1.947949856,120,80,119,7.6,3.86,159,5,41.7,93.9,33.5,330,14.2,42.8,8.9,15.5,0.195,7.9,80,1.5,60,377,79,72,PMZV_PKA,yes,yes
38,female,67,not,yes,yes,not,not,not,not,not,not,not,not,yes,not,168,86,81,91,30.47052154,1.958291752,130,80,137,6.4,4.35,195,6,39.1,96.1,30.1,311,14.6,52.1,8.1,16.3,0.194,5.4,66,2.3,76,317,83,78,NPKA,not,not
39,male,77,yes,yes,yes,yes,not,yes,not,not,not,not,not,not,not,162,80,92,107,30.48315806,1.849600583,120,70,143,7.9,5.03,172,35,45.7,88.7,30.3,331,14.6,46.4,8.5,15.6,0.245,6.1,126,4,72,428,105,51,NPKA,not,not
40,male,63,yes,yes,yes,not,not,yes,not,not,not,not,not,yes,not,168,87,100,90,30.82482993,1.9679372,120,80,148,4.7,4.66,124,14,43,96.1,33.1,353,14.6,52.2,10.1,16.1,0.161,5.1,115,6.4,66,632,106,100,three_vessel,yes,yes
41,male,62,not,yes,yes,not,not,not,not,not,not,not,not,not,not,182,95,98,102,28.6801111,2.164963666,110,70,146,6.7,4.56,132,13,44.6,90.8,31.9,349,13.9,47.5,8.7,14.8,0.207,6,91,4,77,256,82,59,NPKA,not,not
42,male,63,not,yes,yes,not,not,not,not,not,not,not,not,not,not,184,140,150,115,41.35160681,2.573141448,110,70,138,9.2,3.7,158,,39.7,107.5,37.2,347,15.4,61.3,10.1,15.9,0.159,7.4,97,4.1,77,521,98,47,PMZV_PKA,yes,yes
43,male,55,not,not,yes,not,not,not,not,not,not,not,not,not,not,175,84,92,97,27.42857143,1.997043871,130,80,162,7.8,5.45,337,9,45.4,90.1,32.3,343,14.4,45.4,7.8,15.3,0.218,6.3,78,1.5,78,312,88,81,NPKA,not,not
44,female,46,not,yes,yes,not,not,not,not,not,not,not,not,not,not,160,72,87,109,28.125,1.752748572,130,80,132,11.5,4.72,249,5,39.9,84.7,27.9,330,14.1,43.2,8.6,15.5,0.214,8.1,96,0,80,410,94,90,PMZV,yes,yes
45,male,62,yes,yes,yes,not,not,not,not,yes,not,yes,not,not,not,172,95,93,105,32.11195241,2.078054723,135,80,129,5.6,3.57,165,3,45.3,90.2,32.7,367,14.3,50.1,8.9,15.2,0.199,6.5,60,2.5,66,266,87,72,NPKA,not,not
46,male,73,not,yes,yes,not,not,not,not,not,not,not,not,not,not,176,82,105,99,26.47210744,1.984878352,150,90,142,8,4.82,138,6,39.8,82.6,29.5,357,13.4,42.3,10.9,13.8,0.15,5.5,104,9,74,423,89,63,OB_PKA,yes,yes
47,male,45,not,not,not,not,not,not,not,not,not,not,not,not,not,180,82,88,92,25.30864198,2.017482504,180,100,145,5.3,4.99,219,8,43.4,92.4,32.6,365,14.2,53.4,8.9,14.8,0.213,5.4,80,0.1,75,423,80,62,NPKA,not,not
48,female,63,not,yes,yes,not,not,not,not,not,not,yes,not,not,not,155,85,91,99,35.3798127,1.838060695,160,90,150,7.4,4.9,157,13,39.4,85.4,29.3,357,14.5,46.7,9.8,14.6,0.255,5.8,79,13,71,380,100,60,NPKA,not,not
49,male,62,not,yes,yes,not,not,not,not,not,not,not,not,not,not,178,98,101,105,30.93043808,2.158698091,145,80,135,8.3,4.35,302,12,45.8,90.2,31.6,344,14.1,47.3,8.7,15.1,0.214,4.9,70,2.1,76,352,85,60,NPKA,not,not
50,male,68,yes,yes,yes,not,not,not,not,not,not,yes,not,yes,not,173,82,92,94,27.39817568,1.960291405,120,80,157,9,4.69,186,4,50.5,91.1,31.5,348,14.8,47.6,7.9,15.8,0.176,11.7,86,1.6,60,379,92,70,three_vessel,yes,yes
51,male,59,not,yes,yes,not,not,not,not,not,not,not,not,not,not,178,100,101,100,31.56167151,2.177312798,140,80,128,4.4,4.03,141,3,42.4,91.5,33.4,345,14.2,47.5,8.9,14.6,0.204,7.4,92,0,56,323,90,70,NPKA,not,not
52,female,63,not,yes,yes,not,not,not,not,not,not,not,not,not,not,158,84,90,101,33.64845377,1.854434115,150,85,131,9.3,4.49,266,31,38.7,86.3,29.1,338,14.7,46.1,9.8,15.9,0.26,5.7,113,23.2,76,558,82,70,NPKA,not,not
53,male,65,not,not,yes,not,not,not,not,not,not,not,not,yes,not,178,105,103,109,33.13975508,2.22293251,180,100,156,6.8,4.33,239,12,43.2,90.1,31.7,345,14.5,46.5,8.9,14.7,0.195,6.5,109,1.2,76,298,103,65,NPKA,not,not
54,female,73,not,yes,yes,not,not,not,not,not,not,not,not,not,not,160,72,100,108,28.125,1.752748572,125,65,128,10.7,4.01,282,28,49.1,87,28.8,338,14.2,47.2,9.1,15.8,0.225,5.6,73,25.7,64,367,91,93,PKA,not,yes
55,male,62,yes,not,not,not,not,yes,not,yes,not,not,not,not,not,170,98,100,97,33.9100346,2.087915286,110,70,156,9.9,4.53,158,6,45.1,98.1,32.1,349,14.4,51.1,8.7,16.2,0.195,6.2,82,4.3,75,365,84,84,OB_PKA,yes,yes
56,female,77,not,yes,yes,not,not,not,not,not,not,not,not,not,not,158,69,91,100,27.63980131,1.705703636,110,70,83,4.6,4.2,321,46,43.1,95,30.1,306,14.5,50.1,7.5,15.5,0.298,6.2,52,0,59,385,101,64,three_vessel,yes,yes
57,female,79,not,yes,yes,not,not,not,not,not,not,not,not,not,not,160,60,99,92,23.4375,1.622062531,120,70,121,11.5,4.11,313,25,34.4,85,29.1,335,15.3,46.4,9.1,15.8,0.255,6.8,102,12,76,360,81,75,OB,not,yes
58,male,77,not,yes,yes,not,not,not,not,yes,yes,not,not,not,not,176,72,91,90,23.24380165,1.878145867,140,70,120,5.4,3.93,205,14,40.1,96.7,35.5,340,15.1,44.1,8.7,15.7,0.204,5.4,100,2,67,422,98,75,PMZV_PKA,yes,yes
59,male,51,yes,yes,yes,not,not,not,not,not,not,not,not,not,not,176,87,100,98,28.08626033,2.035441806,150,90,187,6.6,5.9,217,2,51,84,30.1,351,14.7,47.1,8.1,15.6,0.25,4.4,100,0,71,264,96,67,PMZV_PKA,yes,yes
60,male,73,not,yes,yes,not,not,not,not,not,not,not,not,not,not,168,80,86,95,28.3446712,1.899016759,170,80,128,4.2,4.02,213,7,42.6,95.8,36.1,333,14.3,45.1,8.4,16.1,0.178,5.4,101,7,78,472,106,56,three_vessel,yes,yes
61,male,65,not,yes,yes,not,not,not,not,not,not,not,not,not,not,175,80,90,95,26.12244898,1.956059916,150,90,140,8.6,4.53,200,5,41.5,91.7,30.9,337,14.9,48.3,8.1,15.9,0.162,5.8,123,12,83,280,108,66,PMZV_PKA,yes,yes
62,male,56,yes,yes,yes,not,not,not,not,not,not,not,not,not,not,180,100,116,109,30.86419753,2.195022063,140,80,143,10.2,4.51,238,10,42.5,91.8,32.5,352,14.2,48.6,8.9,14.8,0.203,5.4,88,1,76,361,104,80,NPKA,not,not
63,male,53,not,yes,not,not,not,not,not,not,not,yes,not,not,not,173,82,90,95,27.39817568,1.960291405,120,80,153,6.3,5.11,142,3,45.5,91.2,32.1,343,15.3,52.6,8.7,15.6,0.236,6,98,1.7,76,416,88,72,OB_PKA,yes,yes
64,male,61,not,yes,not,not,not,not,not,not,not,not,not,not,not,177,97,102,104,30.96172875,2.140547792,120,70,163,6.1,5.4,245,2,45.1,83.5,30.2,361,13.2,40,8.9,10.6,0.22,5.4,98,0,61,253,107,68,PKA,yes,yes
65,male,75,yes,yes,yes,not,not,not,not,not,not,not,not,not,not,176,82,96,100,26.47210744,1.984878352,120,80,168,10.9,4.82,259,15,47.3,98.3,34.8,355,14.6,50.4,8.4,15.7,0.217,6.7,116,1.2,77,395,101,59,three_vessel,yes,yes
66,female,76,not,yes,yes,not,not,not,not,not,not,not,not,yes,not,157,77,99,95,31.2385898,1.778902436,140,80,102,5.6,3.3,164,43,31,74.2,25.1,337,15.6,42.1,7.9,15.1,0.323,5.8,144,2.3,70,356,98,65,PMZV,not,yes
67,female,60,not,yes,not,not,not,not,not,not,not,not,yes,yes,yes,170,84,90,77,29.06574394,1.955512013,130,80,125,6.8,3.97,236,30,41.3,93.1,30.8,340,14.5,49.4,8,15.5,0.256,13.6,51,7.2,72,215,84,84,three_vessel,yes,yes
68,male,61,not,not,yes,not,not,not,not,not,not,not,not,not,not,176,100,104,100,32.28305785,2.159548728,170,100,154,11,3.78,201,6,42.5,90.8,32.7,357,14.2,48,8.9,14.7,0.195,5.9,99,0,81,405,92,69,NPKA,not,not
69,male,58,yes,yes,yes,not,not,not,not,not,not,not,not,not,not,180,90,98,99,27.77777778,2.098901009,150,90,185,17,5.66,413,5,53,92.5,32.1,335,15.5,50.6,8.7,15.5,0.222,5.2,129,6.1,73,399,105,68,OB,not,yes
70,female,69,yes,yes,yes,not,not,not,not,not,not,not,not,yes,not,163,82,94,108,30.86303587,1.877470942,130,90,155,11.7,4.94,292,2,44.7,90.5,31.3,346,14.2,49,7.8,15.9,0.227,5.4,84,3.8,71,390,80,63,PMZV,not,yes
71,male,41,yes,not,yes,not,not,not,not,not,not,not,not,not,not,181,110,100,110,33.57650865,2.294960324,140,80,144,14.5,4.57,226,6,43.1,91.4,30.4,342,15.3,49.1,7.8,15.8,0.251,5.1,108,11.4,71,358,96,67,NPKA,yes,yes
72,male,50,yes,not,not,not,not,not,not,not,not,not,not,not,not,185,103,106,100,30.09495982,2.26736609,120,80,145,7.7,4.52,266,25,42.6,94.4,32,340,14.3,50.4,7.9,15.2,0.21,6.4,80,1,72,403,103,69,PKA,yes,yes
73,male,46,yes,not,yes,not,not,not,not,not,not,not,not,not,not,182,100,115,108,30.18959063,2.212677298,140,80,164,8.8,5.18,225,3,48,92.7,31.6,341,14.1,47.6,8.4,15.6,0.139,5.2,71,0,78,411,106,78,NPKA,not,not
74,female,67,not,yes,yes,not,not,not,not,yes,not,yes,yes,yes,not,162,73,89,108,27.81588173,1.779004001,180,90,134,6.4,4.08,249,5,36.4,88.2,30.1,368,15.5,46.5,8.6,15.2,0.255,12.2,82,0,71,509,90,80,PMZV_PKA,yes,yes
75,male,51,not,yes,yes,not,not,not,not,not,not,not,not,not,not,174,98,102,104,32.36887303,2.123418569,140,70,140,7.7,4.6,218,11,45.6,90.1,31.4,326,14.2,47.7,8.7,15,0.231,6.2,103,2.4,72,579,98,72,NPKA,not,not
76,male,56,yes,not,yes,not,not,not,not,not,not,not,not,not,not,176,75,90,100,24.21229339,1.911014775,160,100,134,5.9,3.85,237,3,38.8,100.9,34.6,337,14,53.3,7.4,15.4,0.175,7.2,74,1.9,63,383,106,57,PMZV,not,yes
77,female,77,not,yes,yes,not,not,not,not,not,yes,yes,not,not,not,164,60,80,100,22.30814991,1.651362411,140,90,110,4.9,3.28,151,7,33.6,91.1,31.3,356,15.2,50.3,8.1,15.4,0.188,7.7,76,14,74,217,79,67,NPKA,not,not
78,female,62,not,yes,yes,not,not,not,not,not,not,yes,not,not,not,154,57,73,90,24.03440715,1.543709795,120,80,118,4.1,3.75,270,27,40.4,91.5,33.8,337,14.2,49.2,9,15.2,0.23,4.8,78,0,73,308,89,60,NPKA,not,not
79,male,65,not,yes,yes,not,not,not,not,not,yes,not,not,not,not,167,78,94,94,27.96801606,1.870578642,160,90,137,6.3,4.31,220,24,40.1,93.1,31.7,341,14.1,49,8.4,15.8,0.184,6.5,115,1.3,88,393,89,62,PMZV,not,yes
80,male,58,yes,yes,yes,not,not,not,not,not,not,not,not,not,not,170,88,100,98,30.44982699,1.994559183,120,80,158,6.8,5.11,257,5,46.3,92.6,31.8,336,15.4,50.1,7.9,15.5,0.22,5.1,89,0,72,389,102,67,PMZV,yes,yes
81,female,68,not,yes,yes,not,not,not,not,not,not,not,not,not,not,165,105,124,134,38.56749311,2.104009204,160,90,135,6.2,4.52,149,4,40.2,88.5,29.8,358,15.4,48.5,8.9,15.7,0.231,6.1,64,2,76,351,91,85,PMZV,yes,yes
82,male,72,not,not,yes,not,not,not,not,not,not,not,not,not,not,176,78,89,98,25.18078512,1.943136072,190,100,155,8.7,4.87,202,4,39.4,90.5,33.4,380,14.9,44.3,8.9,15.1,0.234,6.4,96,4,69,350,92,50,NPKA,not,not
83,male,58,not,yes,yes,not,not,not,not,yes,not,not,yes,not,not,156,86,110,90,35.33859303,1.855852684,170,100,141,8.3,4.65,214,9,44.4,90.6,31.6,331,15.6,50.1,8.7,15.7,0.189,7.2,67,2.1,76,392,81,62,PMZV,yes,yes
84,female,63,not,not,yes,not,not,not,not,not,not,not,not,not,not,162,90,115,122,34.29355281,1.944544005,145,90,140,6.3,4.6,300,5,41.1,94.5,31.1,331,15.3,52.3,7.4,16,0.18,6.9,65,0,75,325,79,64,NPKA,not,not
85,male,66,yes,not,yes,not,not,not,not,not,yes,not,not,not,not,172,71,95,94,23.99945917,1.836154604,140,80,165,10.1,5.39,241,6,44.5,82.6,30.6,371,12.9,41.6,11.4,15.6,0.28,6.9,80,2,75,438,90,63,OB_PKA,yes,yes
86,female,65,not,yes,yes,not,not,yes,not,not,not,yes,not,not,not,164,80,100,125,29.74419988,1.866127694,140,80,134,4.8,3.95,137,19,38.3,92.8,30.2,331,14.9,50.3,8.3,15.9,0.188,6.4,144,30,80,698,97,55,NPKA,not,not
87,female,48,yes,yes,yes,not,not,not,not,yes,not,not,not,not,not,158,66,88,98,26.43807082,1.673781966,150,100,151,11.1,5.13,289,8,41.2,89.8,30.2,335,14.9,48.7,8.8,15.6,0.216,4.9,62,0,79,301,80,54,NPKA,not,not
88,male,55,yes,yes,yes,not,not,not,not,not,yes,yes,not,not,not,171,80,90,94,27.35884546,1.923542331,140,80,125,9.1,4.3,252,17,45,93.8,33,342,14.6,52.1,8.4,15.7,0.19,5.1,80,0,64,319,90,75,three_vessel,yes,yes
89,male,51,not,yes,yes,not,not,not,not,not,not,not,not,not,not,175,109,109,120,35.59183673,2.230874661,140,90,154,7.7,5.02,255,5,43.1,90.3,31.6,343,14,50,8.6,16,0.218,5.2,87,0.9,72,267,95,70,NPKA,not,not
90,female,60,yes,yes,yes,not,not,not,not,not,not,not,not,not,not,150,100,125,125,44.44444444,1.923235587,160,100,139,8.3,4.5,380,32,42.7,95,30.3,325,14.3,50.4,7.8,15.6,0.296,8.9,62,16.3,75,490,89,85,three_vessel,yes,yes
91,female,53,not,yes,yes,not,not,not,not,not,not,not,not,yes,not,169,80,95,105,28.01022373,1.90720523,180,90,140,9.7,4.82,279,7,39.9,80.4,29.8,362,13,39.5,9,10.1,0.275,7.6,62,0,70,310,87,82,NPKA,not,not
92,male,41,not,yes,yes,not,not,not,not,not,not,not,not,not,not,188,110,100,111,31.12267995,2.358971291,120,80,104,11.1,3.8,196,53,31.1,90.6,31,345,14.1,45.8,9.1,16.2,0.185,5.1,96,6.3,82,367,103,52,PMZV,yes,yes
93,male,53,not,yes,yes,not,not,not,not,not,not,not,not,not,not,183,83,100,100,24.78425752,2.052350601,140,80,146,8.7,4.76,282,10,44.2,92.7,32.9,251,15.4,53.27,7.6,15.6,0.22,4.4,97,0,70,377,102,60,PMZV,not,yes
94,male,58,yes,yes,yes,not,not,not,not,not,not,not,yes,not,not,180,80,93,104,24.69135802,1.996421022,140,65,141,8,4.3,339,15,43,92.4,34.4,342,14.7,50.2,7.5,15.6,0.178,5.1,71,0,79,211,92,80,PMZV_OB,yes,yes
95,female,69,not,yes,not,not,not,not,not,not,not,yes,not,not,not,160,54,82,90,21.09375,1.551031646,120,80,133,5.9,3.9,204,10,39.7,82.1,29.3,343,14.4,45.9,8.7,15.2,0.243,5.4,64,1,78,268,81,73,PMZV,yes,yes
96,female,66,not,yes,not,not,not,not,not,not,not,yes,not,not,yes,164,70,76,96,26.0261749,1.763172406,120,80,130,5.8,4.4,259,6,42.3,89.3,26.1,297,15.4,50.1,8.7,16.3,0.162,5.1,58,3,74,247,94,84,NPKA,not,not
97,male,62,not,not,yes,not,not,not,not,not,not,not,not,not,not,175,102,112,104,33.30612245,2.168822359,150,95,170,6.5,5.45,177,4,45.2,91.5,32.3,358,14.7,45.5,10.7,14.3,0.207,5.1,120,0,76,310,90,83,NPKA,not,not
98,male,50,not,yes,yes,not,not,not,not,not,not,not,not,not,not,175,115,117,121,37.55102041,2.282261957,140,90,159,7.5,4.98,245,5,44.5,90.3,31.9,343,14,50,8.6,16,0.218,5.2,88,0.9,70,345,91,66,NPKA,not,not
99,female,76,not,yes,yes,not,not,not,not,not,not,not,not,not,not,155,65,88,94,27.05515088,1.64000428,125,80,151,6.6,5.4,214,11,43.1,90.3,28.2,355,14.3,48.4,7.9,15.6,0.244,5.5,118,8,71,406,106,62,NPKA,not,not
100,male,67,yes,yes,yes,not,not,not,not,not,not,not,not,not,not,181,72,86,95,21.97735112,1.916679957,220,120,156,6.3,5.06,126,13,45.1,89.3,30.8,345,14,46.1,8.4,16.3,0.105,5.8,97,5.7,83,276,104,80,NPKA,not,not
101,male,63,yes,not,yes,not,not,not,not,not,not,not,not,not,not,173,89,91,106,29.73704434,2.029740424,125,80,146,8.1,4.47,198,8,42.2,94.2,31.6,341,14.1,47.6,8.4,15.6,0.211,5.7,76,7,72,289,79,63,NPKA,not,not
102,female,63,not,yes,yes,not,not,not,not,not,not,yes,not,not,not,162,70,70,95,26.6727633,1.747557105,120,80,139,6.8,4.4,256,19,40.6,92.3,30.5,349,14.3,49,9,16,0.22,6.5,70,5.9,79,242,85,72,NPKA,not,not
103,male,67,not,not,yes,not,not,not,not,not,not,not,not,not,not,178,95,103,104,29.98358793,2.130361758,150,90,145,7.9,5.11,342,8,44.3,90.2,29.4,365,14.8,43.9,8.8,15.8,0.234,5.3,63,0.6,74,329,94,67,NPKA,not,not
104,male,56,yes,yes,not,not,not,not,not,not,not,not,not,not,not,180,80,92,105,24.69135802,1.996421022,140,80,154,8.1,4.58,197,4,42.9,93.8,33.6,358,14.7,49.7,8.9,15.8,0.175,5.4,87,3.1,80,333,98,64,PKA,yes,yes
105,male,64,not,yes,yes,not,not,not,not,not,not,not,not,yes,not,170,100,106,107,34.60207612,2.105919624,175,100,150,7.4,5.54,321,16,45.2,92.7,31.4,345,15.1,52.1,9.1,15.7,0.195,5.9,58,4,83,339,96,68,PMZV_PKA,yes,yes
106,female,77,not,yes,yes,not,not,not,not,not,not,not,not,yes,not,162,75,104,107,28.57796068,1.799557576,180,90,115,8.9,4.17,274,37,34.1,82,27.5,337,15.2,46.1,9.4,15.8,0.257,14.8,225,10,50,622,99,49,NPKA,not,not
107,male,42,yes,yes,yes,not,not,not,not,not,yes,yes,not,not,not,170,80,90,99,27.6816609,1.915380387,170,90,146,9.6,4.63,249,15,42.5,90,30.2,349,15.6,48.4,8.1,16.2,0.245,6.9,75,4.2,70,348,108,68,PKA,yes,yes
108,female,51,yes,yes,yes,not,not,not,not,not,not,not,not,not,not,170,80,94,105,27.6816609,1.915380387,150,90,124,9.8,4.23,274,12,44.8,86,36.3,421,12,41.8,14.1,13.6,0.368,5,84,12,71,304,95,70,NPKA,not,not
109,female,79,not,yes,yes,not,not,not,not,not,not,not,not,not,yes,165,80,100,126,29.38475666,1.874370445,140,90,152,5.1,4.39,238,8,45.3,103.2,34.6,335,15.2,56.2,8.9,15.5,0.211,6,63,1.1,75,320,94,70,NPKA,not,not
110,female,60,not,yes,yes,not,not,not,not,not,not,not,not,not,not,155,60,98,90,24.97398543,1.585152632,170,100,123,6.7,4.08,289,10,41.2,92.2,30.7,340,14.2,50.1,8.5,15.6,0.255,5.5,98,0.1,69,354,105,70,PMZV,yes,yes
111,male,55,yes,yes,not,not,not,yes,not,not,yes,yes,not,not,not,176,110,110,103,35.51136364,2.248821056,160,90,134,6.4,4.44,194,3,41.1,94.1,33.6,358,14.7,49.7,8.9,15.8,0.175,6.2,121,12.7,81,529,91,100,PKA,not,yes
112,male,72,not,not,yes,not,not,not,not,not,not,not,not,not,not,179,97,100,101,30.27371181,2.158056239,150,90,148,7.4,4.64,172,5,42,90.7,30.1,333,14,47.6,8.3,15.9,0.142,9.6,88,0,73,391,90,94,NPKA,yes,yes
113,female,56,yes,yes,yes,not,not,not,not,not,not,not,not,not,not,165,90,111,114,33.05785124,1.97058535,180,90,184,11.4,5.45,192,10,52.4,100,29.9,331,14.3,48.7,10,16.4,0.2,12.8,82,13.2,79,358,85,64,PMZV_OB,yes,yes
114,female,61,not,yes,yes,not,not,not,not,not,not,not,not,yes,not,155,52,90,80,21.64412071,1.491620096,110,80,133,13.9,4.24,215,52,37,89.1,29.7,340,13.9,44.2,9.1,15.8,0.188,25.1,77,214,73,355,108,140,three_vessel,yes,yes
115,female,60,not,yes,yes,not,not,not,not,yes,not,not,not,not,not,159,70,70,88,27.68877813,1.724034315,150,85,129,6.8,4.51,192,11,37.3,82.8,28.6,345,14.8,46.1,8.7,15.9,0.167,6.5,77,2.9,83,512,96,65,NPKA,not,not
116,female,61,not,yes,yes,not,not,not,not,yes,not,not,not,not,not,160,75,91,105,29.296875,1.783422938,160,100,153,4.6,5.6,283,13,41.7,95,34.7,348,15.2,45.5,8.1,14.1,0.245,5.4,83,0,68,358,82,76,OB_PKA,yes,yes
117,male,58,not,yes,not,not,not,not,yes,yes,yes,yes,not,not,not,182,98,106,100,29.58579882,2.193760246,130,80,161,6.2,5.2,164,12,43.5,91.5,31.7,337,15.6,51.1,8.3,15.4,0.231,5.5,77,0,68,462,86,68,three_vessel,yes,yes
118,male,54,not,not,yes,not,not,not,not,not,not,not,not,not,not,175,82,90,100,26.7755102,1.976695603,140,80,58,6.7,4.78,254,4,40.4,92.1,31.6,354,14.3,47.5,9.1,14.6,0.218,5.4,114,4.5,68,312,107,69,NPKA,not,not
119,male,76,yes,yes,yes,yes,not,not,not,not,not,yes,not,not,not,170,75,90,100,25.95155709,1.863557634,150,95,112,10.5,4.74,416,20,39.8,96.2,35.2,339,14.9,44.4,8.8,15.7,0.184,4.4,110,0,72,528,105,78,three_vessel,yes,yes
120,male,70,not,yes,yes,not,not,not,not,not,not,not,not,not,not,165,85,96,104,31.22130395,1.923292007,140,80,156,8.6,5.15,291,9,46.8,91,30.2,333,15,49,8.5,16.2,0.247,5.6,123,0,83,529,90,58,OB_PKA,yes,yes
121,female,58,not,yes,yes,not,not,not,not,not,not,not,not,not,not,164,90,109,110,33.46222487,1.961919483,160,90,145,7.6,4.53,360,3,41.3,95,31.5,352,13.6,50.2,7.8,15.6,0.278,5.9,61,2.7,70,257,93,100,PKA,not,yes
122,female,70,not,yes,yes,not,not,not,not,not,not,not,not,not,not,159,60,82,90,23.7332384,1.614706227,130,80,133,4.8,4.35,245,9,40.1,88.2,30.5,339,14.8,46.5,8.7,15.3,0.245,5.1,90,1,75,349,86,72,PMZV,not,yes
123,male,70,not,yes,yes,not,not,yes,not,not,not,not,not,yes,not,176,80,95,99,25.82644628,1.964157241,160,90,141,7.4,4.27,252,12,41.1,96.4,33,343,14.8,50.4,8.1,15.8,0.204,7.4,107,1,82,470,88,58,PMZV_PKA,yes,yes
124,female,66,yes,yes,yes,not,not,not,not,not,not,yes,not,not,not,165,53,88,84,19.46740129,1.573473481,200,110,122,4.5,3.53,231,12,38.3,91.2,31.1,342,14.6,48.1,8.6,15.7,0.229,5.4,70,4.7,75,384,96,66,PMZV,not,yes
125,male,61,yes,yes,yes,not,not,not,not,not,not,yes,not,not,not,165,65,91,82,23.87511478,1.716051668,120,70,127,11.4,4.2,308,23,37,100.3,35.1,341,15.1,52.9,7.7,15.4,0.18,5.7,99,0,69,374,100,70,three_vessel,yes,yes
126,male,51,yes,yes,yes,not,not,not,not,not,yes,not,not,not,not,165,80,87,97,29.38475666,1.874370445,155,85,153,9,4.42,223,5,42.6,93.1,32.9,358,15,51.6,8.2,15.6,0.201,5.2,67,0.8,71,412,89,75,PMZV_PKA,yes,yes
127,male,56,not,yes,yes,not,not,not,not,not,not,not,not,not,not,175,80,90,98,26.12244898,1.956059916,140,80,157,8.3,4.9,245,2,40.3,92.1,33.4,354,14.3,47.5,9.1,14.6,0.218,5.8,124,11.7,64,321,91,57,NPKA,not,not
128,male,59,yes,not,yes,not,not,not,not,not,not,not,not,yes,not,170,128,129,120,44.29065744,2.338869706,120,80,153,10.4,4.62,224,30,43.9,91.1,31.7,348,14,46.1,8.6,15.9,0.192,8.6,89,149.4,79,559,99,60,OB,yes,yes
129,male,39,not,not,not,not,not,not,not,not,not,not,not,not,not,175,93,102,106,30.36734694,2.08532698,120,70,163,7.5,5.2,231,12,47.3,91.1,31.3,344,14.2,46.8,8.2,15.8,0.189,5.2,82,3.2,69,262,80,60,PMZV,yes,yes
130,male,41,yes,yes,not,not,not,not,not,not,not,not,not,not,not,172,70,84,96,23.66143862,1.825118699,110,80,152,5.1,5.17,149,10,42.3,81.8,29.4,359,15.6,46.9,12.4,22.1,0.19,4.5,72,3.9,76,369,90,56,PMZV,yes,yes
131,female,78,not,yes,yes,not,not,not,not,yes,not,not,not,yes,not,170,83,98,106,28.71972318,1.945583977,190,100,135,6.4,4.16,224,20,38.4,91.7,32.4,354,13.5,48.1,7.6,15.5,0.17,6,60,2.2,78,194,105,70,PMZV,not,yes
132,female,61,not,yes,not,not,not,not,not,not,not,not,not,not,not,164,90,110,113,33.46222487,1.961919483,110,70,142,8.3,4.04,314,4,41.4,102,35.2,344,15.1,47,7.8,13.8,0.245,6.1,60,0,71,200,88,55,PMZV,yes,yes
133,male,47,not,not,yes,not,not,not,not,not,not,not,not,not,not,185,98,103,110,28.63403944,2.219917879,180,100,166,7.7,4.96,185,20,48.6,98.1,33.4,341,13.7,50.4,8.6,15.8,0.159,8.7,108,0,92,458,100,84,NPKA,not,not
134,male,69,yes,yes,yes,not,not,not,not,not,not,not,not,not,not,174,90,99,97,29.72651605,2.047941728,140,80,154,6.5,5.8,330,12,44.2,80.6,30.5,368,15.2,50.1,10.4,14.1,0.234,5.3,78,0,74,358,92,60,PMZV,yes,yes
135,male,34,yes,not,yes,not,not,not,not,not,not,not,not,not,not,164,85,99,102,31.60321237,1.914834118,150,80,153,9.3,5.04,274,5,44.3,88,30.3,345,13.6,43.9,7.9,15.4,0.216,5.5,77,28.8,85,415,91,58,NPKA,not,yes
136,male,47,not,yes,yes,not,not,not,not,not,yes,not,not,not,not,182,104,102,103,31.39717425,2.24986909,140,80,129,6,4.16,203,2,37.3,90.4,31.7,350,15.1,47.1,8.2,15.6,0.22,6,112,2,80,360,89,75,PMZV_PKA,yes,yes
137,male,61,not,not,not,not,not,not,not,not,not,not,not,not,not,170,70,85,90,24.22145329,1.809707802,140,80,179,14.8,5.47,163,8,50.8,93,32.7,352,13.5,46.8,10.6,15.8,0.172,5.7,100,4,75,378,98,73,three_vessel,yes,yes
138,female,63,not,yes,yes,not,not,not,not,not,not,not,not,not,not,150,71,84,94,31.55555556,1.662712971,140,90,132,5,3.93,289,31,38.3,97.7,33.5,344,13.7,49.7,7.3,15.3,0.21,5.3,74,7,80,364,85,65,PMZV,yes,yes
139,male,49,not,not,yes,not,not,not,not,not,not,not,not,not,not,174,82,90,95,27.08415907,1.968499985,180,105,155,6.8,4.61,235,2,44,96.5,33.8,367,15.4,51,7.8,16,0.178,5.3,106,0.1,74,357,88,55,three_vessel,yes,yes
140,male,59,yes,yes,yes,not,not,not,not,not,not,not,not,not,not,176,93,105,100,30.0232438,2.09395942,140,80,145,8.6,4.46,240,6,43.2,97,32.5,335,14.2,50.4,8.8,15.7,0.211,6.4,81,3.4,70,254,84,61,three_vessel,yes,yes
141,female,68,not,yes,yes,not,not,not,not,not,not,not,not,yes,not,164,126,124,120,46.84711481,2.263526562,180,80,128,10.1,3.99,260,23,37.6,94.3,32,340,14.3,49,8.7,15.6,0.226,11.5,156,0,81,368,82,79,PKA,yes,yes
142,male,72,not,not,yes,not,not,not,not,not,not,not,not,not,not,172,78,90,97,26.36560303,1.911017455,170,90,134,11.8,4.26,273,3,35.9,84.3,31.5,373,12.6,40.4,10.4,14.3,0.28,5.7,124,7,77,298,83,52,NPKA,not,not
143,male,54,yes,yes,yes,not,not,not,not,not,not,not,not,not,not,172,90,91,105,30.42184965,2.030848442,120,80,145,6.7,4.5,220,10,44,93,30,334,14,47.5,9.8,15.6,0.22,5.6,75,9.2,72,292,86,58,NPKA,not,not
144,male,64,yes,yes,yes,not,not,not,not,not,yes,not,not,yes,not,179,108,104,107,33.70681315,2.258862872,120,80,143,8.3,4.82,179,15,42.3,91.4,31.1,344,15.1,48.2,8.9,15.4,0.189,14.2,101,10.8,72,355,99,58,three_vessel,yes,yes
145,male,69,not,yes,yes,not,not,not,not,not,not,not,not,yes,not,175,85,103,102,27.75510204,2.007113594,130,80,156,9.8,5.28,259,9,44.5,90.1,30.9,343,13.6,45.4,9.5,15.6,0.202,5.1,95,0.6,79,464,90,74,NPKA,yes,yes
146,female,63,not,yes,yes,not,not,not,not,not,not,not,not,not,yes,164,99,120,130,36.80844735,2.043022131,150,90,134,5.7,4.55,190,13,38.9,88.7,30.4,343,14.7,47.9,9.6,15.5,0.228,6,75,0,70,273,80,75,NPKA,not,not
147,male,68,yes,yes,not,not,not,not,not,not,not,not,not,not,not,173,67,95,95,22.38631428,1.799001558,150,90,141,8.4,4.44,187,10,41.1,90,32.3,367,14.1,45.4,9,16.1,0.188,4.5,84,4.6,76,501,93,63,three_vessel,yes,yes
148,male,54,not,not,yes,not,not,not,not,not,not,not,not,not,not,170,90,95,109,31.14186851,2.013700409,140,80,154,8.4,5.3,255,4,44.3,90.2,30.6,345,13.8,45.4,8.9,15.7,0.254,5.7,100,2,73,399,84,71,NPKA,not,not
149,female,68,not,not,yes,not,not,not,not,not,not,not,not,not,not,168,125,129,136,44.28854875,2.295632203,170,100,145,11,4.62,290,10,39.1,84.3,31.4,371,12.7,41.4,11.4,15.3,0.33,6.3,65,2,72,398,88,59,PMZV_PKA,yes,yes
150,female,55,not,yes,not,not,not,not,not,not,not,not,not,not,not,171,85,107,112,29.0687733,1.973747292,120,70,130,6.4,4.08,210,7,38.6,92.3,31.2,335,13.3,46.7,9.2,15.5,0.185,5.6,73,0,73,278,95,74,NPKA,not,not
151,male,56,yes,yes,not,not,not,yes,not,not,not,yes,not,not,not,184,65,89,91,19.1989603,1.857151878,100,70,102,6.9,4.02,157,13,40.8,94.6,33.7,354,14.1,47.6,8,15.6,0.2,4.6,81,1.5,69,505,84,120,PMZV_PKA,yes,yes
152,female,62,not,yes,yes,not,not,not,not,not,not,not,not,not,not,155,68,86,96,28.30385016,1.671756778,130,80,155,8,5.19,243,6,42.4,81.7,29.9,366,14.1,43.7,9.8,11.6,0.24,6.3,82,0,73,259,108,70,NPKA,not,not
153,female,55,not,yes,yes,not,not,not,not,not,not,not,not,yes,yes,171,115,119,114,39.32834034,2.244321582,180,100,152,16.9,4.58,222,5,40.1,88.1,28.5,340,14,43.7,8.9,15.3,0.274,8.7,89,0,80,444,81,78,three_vessel,yes,yes
154,female,74,not,yes,yes,not,not,not,not,not,not,not,not,not,not,160,60,100,90,23.4375,1.622062531,180,90,148,10.1,5.05,291,4,40.6,80.4,29.3,365,12.5,38.9,9.8,11.8,0.29,7.9,85,2.5,77,201,88,64,three_vessel,yes,yes
155,male,59,not,yes,yes,not,not,not,not,not,not,not,not,not,not,175,100,105,99,32.65306122,2.150645893,250,120,156,12.4,2.13,197,7,42.6,90.8,32.7,357,14.2,48,8.9,14.7,0.195,6.3,128,0,80,476,79,93,NPKA,not,not
156,female,55,not,yes,yes,not,not,not,not,yes,not,yes,not,not,not,167,94,99,112,33.705045,2.024953725,150,100,152,5.5,5.17,320,14,38.4,80.7,29.8,352,13.5,43.5,9.1,14.3,0.254,5.6,82,5.2,66,412,92,64,NPKA,not,not
157,male,61,yes,not,not,not,not,not,not,not,not,not,not,not,not,175,90,100,107,29.3877551,2.056468092,120,75,136,7.7,4.36,148,20,42.5,89.6,35.5,354,15.6,51.5,8.7,15.4,0.193,4.4,123,0.4,70,614,87,53,three_vessel,yes,yes
158,male,73,not,yes,yes,not,not,not,not,not,not,not,not,yes,not,172,98,110,104,33.12601406,2.10569531,155,80,153,9.4,4.99,158,13,40.9,95.4,33,343,15.2,50.4,8.1,15.8,0.208,6.8,115,4.2,77,367,101,60,OB_PKA,yes,yes
159,male,51,not,not,yes,not,not,not,not,not,not,not,not,not,not,175,72,80,90,23.51020408,1.870403127,120,80,154,9.2,5.44,304,8,46.3,89.4,31.6,365,14.3,45.6,8.6,14.4,0.258,7.6,91,0,82,502,85,74,NPKA,not,not
160,male,58,not,yes,not,not,not,not,not,not,not,yes,not,not,not,182,86,95,100,25.96304794,2.075295392,120,80,138,7,4.37,123,2,49.1,97.3,32.8,329,15.1,48.9,8.6,15.7,0.192,5.8,77,0.5,73,258,98,66,PMZV,yes,yes
161,female,64,not,not,not,not,not,not,not,not,not,not,not,not,not,157,70,81,103,28.398718,1.708284651,130,75,132,6.2,4.4,255,7,44.3,90.2,30.6,346,14.5,45.6,9.3,15,0.222,5.6,76,0,73,256,101,66,NPKA,not,not
162,male,61,yes,yes,yes,not,not,not,not,not,not,yes,yes,not,not,180,100,105,99,30.86419753,2.195022063,170,100,159,8.5,5.15,296,5,45.9,89.2,30.8,346,13.4,45.4,8.7,15.9,0.257,5.9,82,0,72,285,106,85,PMZV,yes,yes
163,male,48,yes,not,yes,not,not,not,not,not,not,not,not,not,not,182,99,103,101,29.88769472,2.20324624,140,95,165,5.8,5.23,198,6,45.3,91.5,31.4,355,13.1,41.8,9,15.9,0.207,5.8,93,2,77,312,102,64,NPKA,not,not
164,female,68,not,yes,yes,not,not,not,yes,not,not,yes,not,not,yes,167,75,89,95,26.89232314,1.839656766,130,80,134,5,4.11,211,3,43.3,89.7,30.7,338,14.3,46.8,8.5,15.4,0.183,4.6,79,1.5,65,367,100,60,NPKA,not,not
165,male,77,not,yes,yes,not,not,not,not,not,yes,not,not,not,not,169,100,117,113,35.01277966,2.096931214,130,85,153,9,4.64,159,5,43,92.8,32.9,355,13.3,46.1,8.7,16.1,0.138,6.4,101,0.3,71,411,93,62,NPKA,not,not
166,female,62,not,yes,yes,not,not,not,not,not,not,not,not,not,not,161,72,72,89,27.77670615,1.760683907,150,90,133,6.7,4.65,198,6,38.2,88.5,29.4,346,14.7,45.9,8.8,15.6,0.176,6.2,80,0,81,500,101,66,NPKA,not,not
167,female,69,not,yes,yes,not,not,not,not,yes,not,yes,yes,yes,not,163,73,92,105,27.47562949,1.786958853,150,90,132,6.5,4.12,258,7,38.2,90.3,30.1,370,15.5,46.5,8.6,15.2,0.255,12.2,89,0,71,500,88,80,PMZV_PKA,yes,yes
168,female,68,not,yes,yes,not,not,not,not,yes,yes,not,yes,not,not,158,60,79,100,24.03460984,1.607337189,180,100,121,6.9,4.04,120,8,40.1,89.1,31.2,349,13.6,43.9,8.6,13.2,0.188,5.7,76,0,67,277,98,80,NPKA,not,not
169,female,47,not,yes,not,not,yes,not,not,not,not,not,not,not,not,170,100,105,117,34.60207612,2.105919624,120,80,122,9.7,4.66,273,26,36.8,79,26.1,331,16,46.8,8.5,15.9,0.232,5.2,58,0,70,247,108,82,NPKA,not,not
170,female,78,not,yes,yes,not,not,not,not,not,not,not,not,yes,not,155,85,110,120,35.3798127,1.838060695,145,85,138,8.2,4.64,236,4,35.6,84,27.5,345,15.1,47.4,9.3,15.7,0.256,7.1,60,15.2,85,588,84,79,PMZV_OB,yes,yes
171,male,63,yes,yes,yes,not,not,not,not,not,not,not,not,not,not,170,68,91,94,23.52941176,1.787549511,110,75,143,15.6,4.76,181,10,43.2,90.9,30,331,15.2,51.9,10.3,15.7,0.186,10.2,117,13.7,69,515,107,68,three_vessel,yes,yes
172,male,68,yes,yes,yes,not,not,not,not,not,yes,not,not,not,not,176,80,95,97,25.82644628,1.964157241,150,90,114,6.8,4.35,344,5,42.8,80.6,30.1,365,14.7,50.2,10.4,13.9,0.23,6.8,84,2.5,68,432,101,72,PMZV_OB,yes,yes
173,female,59,not,yes,not,not,not,not,not,not,not,not,not,not,not,173,85,101,109,28.40054796,1.990456963,120,80,137,3.9,4.78,236,9,38.6,95.3,36.4,320,14.3,53,8.9,16.5,0.32,5.5,80,0,71,276,93,60,NPKA,not,not
174,male,59,not,yes,yes,not,not,not,not,not,not,not,not,not,not,172,70,88,104,23.66143862,1.825118699,160,80,140,6.1,5.23,245,7,45.5,90.1,31.8,355,14.8,45.7,9.1,15.4,0.232,8.6,81,0.5,80,355,100,50,NPKA,not,not
175,male,60,yes,not,yes,not,not,not,not,not,not,not,not,not,not,170,80,102,107,27.6816609,1.915380387,120,80,158,6.1,4.84,226,5,46.9,89.8,31.2,333,14.8,47.9,9.1,15.4,0.212,4.8,83,0.6,69,351,86,57,NPKA,yes,yes
176,male,54,yes,yes,yes,not,not,not,not,not,not,not,not,not,not,170,92,94,108,31.83391003,2.032598582,145,80,161,7.8,5.26,266,4,46.6,88.7,30.6,345,13.8,45.4,8.9,15.7,0.236,6.6,112,6.5,71,403,79,86,NPKA,not,not
177,female,62,not,not,yes,not,not,not,not,not,not,not,not,not,not,160,84,91,100,32.8125,1.871423194,150,90,125,6.1,4.1,189,11,33.6,91.2,30.1,337,14.1,46.5,10,16,0.187,4.2,88,2.4,80,328,79,62,NPKA,not,not
178,male,53,not,yes,yes,not,not,not,yes,yes,not,yes,not,not,not,170,98,101,105,33.9100346,2.087915286,150,80,148,5.4,4.36,195,3,44.3,88.5,32.7,342,15.2,53.5,8.5,15.7,0.225,4.9,87,0.8,69,355,99,72,PMZV,yes,yes
179,female,60,not,not,yes,not,not,not,not,not,not,not,not,not,not,162,65,81,99,24.76756592,1.693373994,160,90,139,8.1,3.9,120,10,39.2,90.1,35.6,355,12.2,48.1,11.7,14.3,0.14,6.2,70,0,77,495,108,66,NPKA,not,not
180,male,52,not,yes,yes,not,not,not,not,not,not,not,not,not,not,176,67,78,89,21.62964876,1.821565528,130,70,148,10.2,4.59,348,7,43.4,94.6,32.2,341,16.3,56.9,8.9,15.5,0.309,4.5,60,5,75,259,92,57,PMZV,yes,yes
181,male,71,yes,yes,yes,not,not,not,not,not,not,not,not,not,not,165,80,90,105,29.38475666,1.874370445,120,80,125,9.1,3.99,278,10,49.6,89.7,26.5,319,14.7,45.8,8.6,14.2,0.277,5.9,142,0,78,234,90,72,NPKA,not,not
182,male,50,not,yes,yes,not,not,not,not,not,not,not,not,yes,not,168,115,131,120,40.74546485,2.215706007,145,100,162,9.2,5.28,210,11,46.1,81.2,30.6,335,14.8,47.6,9.7,15.7,0.203,8.6,88,0.9,75,312,88,71,PKA,not,yes
183,male,57,not,yes,yes,not,not,not,not,not,not,not,not,yes,not,178,104,107,105,32.82413837,2.213910166,130,80,139,9.1,4.42,198,14,41.2,95.9,34.1,336,15.1,52.6,0.75,15.5,0.179,6.4,118,1.1,80,359,91,64,PKA,yes,yes
184,female,72,not,yes,yes,not,not,not,not,not,not,not,yes,not,not,169,75,100,105,26.25958475,1.855603664,170,70,165,10.8,5.62,237,16,48.4,86.2,29.3,340,14.3,46.1,9.3,15.7,0.22,8.6,60,3.8,73,325,96,76,OB,yes,yes
185,male,59,not,yes,yes,not,not,not,not,not,not,not,not,not,not,178,83,96,101,26.19618735,2.011541582,140,90,150,8,5.56,299,6,46.3,93.5,32.1,345,14.5,50.1,8.5,15.7,0.22,5.8,50,0.1,88,300,98,75,NPKA,not,not
186,female,64,not,yes,not,not,yes,not,not,not,not,not,not,not,not,160,60,80,96,23.4375,1.622062531,120,70,117,7.5,3.8,234,16,34.6,91.2,30.7,338,14.1,47.6,8.6,15.3,0.201,6.4,58,1.1,72,280,107,64,NPKA,not,not
187,male,65,yes,yes,yes,not,not,not,not,not,not,not,not,not,not,187,95,100,110,27.16691927,2.207923494,160,90,153,5.9,4.1,159,5,46.1,90.4,31.2,347,14.3,47.3,8.6,15.4,0.208,7.6,75,1.5,81,254,86,73,NPKA,not,not
188,female,64,not,yes,yes,not,not,not,yes,yes,not,yes,not,not,not,159,64,97,103,25.31545429,1.659608795,130,80,180,14,5.9,254,30,40.3,90.2,31.2,348,15.1,49.1,8.7,15.9,0.213,6.4,97,0,80,417,94,60,PMZV_PKA,yes,yes
189,male,72,not,yes,yes,not,not,not,not,not,not,not,not,not,not,170,94,98,100,32.52595156,2.051261975,160,95,134,6.8,4.51,221,5,43.5,91.9,30.8,335,15.2,50.4,8.3,16,0.216,5.1,75,1.5,78,359,84,70,PMZV,yes,yes
190,female,66,not,yes,yes,not,not,not,not,yes,not,not,not,not,not,168,78,92,106,27.63605442,1.878692748,150,90,142,7.3,4.54,271,14,41,88.9,30.7,365,13.9,48.1,8.7,15.4,0.238,6.2,75,3.8,78,299,84,77,PMZV,yes,yes
191,female,67,not,yes,yes,not,not,not,not,not,not,not,not,not,not,168,92,109,120,32.59637188,2.015233526,150,90,140,6.5,4.58,289,12,36.5,99.3,33.7,324,14.1,45.7,7.7,15.7,0.276,4.9,77,0.4,78,325,92,60,NPKA,not,not
192,male,48,yes,yes,yes,not,not,not,not,not,not,yes,not,not,not,186,86,94,104,24.85836513,2.108264277,140,80,144,6.1,4.48,261,3,41.5,92.5,32.8,353,14.3,48.2,9.1,14.9,0.209,5.7,90,0.4,73,299,84,83,NPKA,not,not
193,female,70,not,not,yes,not,not,not,not,not,not,not,not,not,yes,158,78,101,107,31.24499279,1.796937276,160,90,118,10.7,4.28,268,17,35.4,82.8,27.5,333,14.8,45.4,8,16,0.214,6.6,63,0,77,334,92,79,NPKA,not,not
194,male,65,yes,yes,yes,not,not,not,not,not,not,not,not,yes,not,164,92,115,113,34.20582986,1.980331703,175,80,115,7.5,3.98,217,12,33.3,83.9,28.8,345,13.8,43.2,8.3,15.8,0.18,23.2,133,3.73,62,513,89,66,OB_PKA,yes,yes
195,male,60,not,yes,not,not,not,not,not,not,not,yes,not,yes,not,178,103,110,101,32.50852165,2.2048378,150,90,158,6.7,4.84,211,5,46.4,92.2,30.6,331,14.9,47.9,8.8,15.2,0.219,15.6,103,1,66,369,88,55,PMZV_PKA,yes,yes
196,female,57,not,yes,yes,not,yes,not,not,not,not,not,not,not,yes,160,100,120,120,39.0625,2.015363139,150,90,140,15.1,4.69,281,7,42.3,96,31,352,13.8,50.4,7.8,16,0.288,5.9,72,17.7,71,348,102,55,NPKA,yes,yes
197,female,80,not,yes,yes,not,not,not,not,not,not,not,not,not,not,165,65,88,106,23.87511478,1.716051668,150,90,141,7.9,4.56,160,5,40.4,88.7,30.9,349,13.6,45.4,9,16,0.144,5.2,75,0.3,68,387,80,60,three_vessel,yes,yes
198,male,51,yes,yes,yes,not,not,not,not,not,not,yes,not,not,not,182,103,106,100,31.09527835,2.240649368,145,90,151,6.6,4.19,207,18,44.2,92.7,32.9,355,15.4,51.9,8.1,15.4,0.205,5.8,106,0,72,422,87,68,PKA,not,yes
199,male,64,yes,yes,yes,not,not,not,not,not,not,yes,not,not,not,178,80,95,101,25.2493372,1.980314055,160,80,144,7.6,4.66,262,5,42.5,92.7,32.1,335,15,51.1,9.1,15.8,0.194,5.6,64,1,70,356,79,65,PMZV_PKA,yes,yes
200,male,61,yes,yes,yes,not,not,not,not,not,not,not,not,not,not,176,80,99,94,25.82644628,1.964157241,150,90,144,5.8,4.22,136,14,41.8,99.2,34.1,344,14.6,52.6,8.4,16.4,0.114,5.9,107,12.7,75,279,98,59,PMZV_PKA,yes,yes
201,male,71,not,yes,yes,not,not,not,not,not,not,not,not,not,not,165,82,92,106,30.11937557,1.89414434,160,90,145,4.9,5.56,297,4,48.6,89.5,27.8,323,14.5,46.5,8.8,14.4,0.258,5.1,100,0.8,82,312,102,62,NPKA,not,not
202,male,40,yes,not,yes,not,not,not,not,not,not,not,not,not,not,192,110,116,115,29.83940972,2.395254174,130,80,154,6.8,4.64,262,6,43.4,93.6,33.1,354,13.8,46.8,8.1,15.6,0.212,6.2,55,2.6,74,301,79,52,NPKA,not,not
203,male,63,not,yes,not,not,not,yes,not,not,not,not,not,yes,not,180,87,95,100,26.85185185,2.068876527,140,80,171,14.7,5.96,161,4,40.5,92.6,31.5,335,14.9,50.5,7.9,16,0.201,17.2,125,5.5,64,657,80,70,three_vessel,yes,yes
204,male,73,yes,yes,yes,not,not,not,not,yes,yes,not,yes,not,not,175,95,101,104,31.02040816,2.104269891,130,80,147,12,4.7,165,21,39,96.5,35.4,348,14.1,40.6,8.8,15.6,0.189,6.7,144,106,75,418,88,80,PMZV_PKA,yes,yes
205,male,58,not,yes,yes,not,not,not,not,not,not,yes,not,not,not,176,115,109,100,37.12551653,2.291709631,180,90,146,6.6,4.69,223,12,45.4,87.8,30.1,329,15.5,48.6,8.8,15.5,0.19,6.2,89,0.5,73,445,104,55,three_vessel,yes,yes
206,male,80,not,not,yes,not,not,not,not,not,not,not,not,not,not,167,70,86,91,25.0995016,1.78649758,120,70,121,11.4,4.26,248,31,36.7,86.3,28.4,320,15.1,47.6,9,15.4,0.196,7.2,153,3.9,72,387,96,62,PKA,yes,yes
207,male,42,yes,yes,not,not,not,not,not,not,not,not,not,not,not,178,88,97,98,27.77427093,2.062177106,140,90,145,5.4,4.84,191,6,39,90.6,31,345,14.1,45.8,9.1,16.2,0.185,6.2,92,1.5,72,355,108,84,PMZV,yes,yes
208,male,50,not,yes,yes,not,not,yes,yes,not,not,yes,not,not,not,192,108,105,100,29.296875,2.376647707,150,90,137,3.3,4.11,191,6,46,91.5,32.6,405,15,49.4,4.9,15.7,0.178,6.6,99,1.6,71,382,85,60,OB,yes,yes
209,male,67,yes,yes,yes,not,not,not,not,not,not,not,not,not,not,167,50,72,83,17.92821543,1.548452962,150,90,151,12.1,4.7,139,7,41.2,87.7,32.1,367,13.1,43.5,9.8,11.8,0.14,6.4,67,0.9,74,331,88,56,three_vessel,yes,yes
210,female,65,not,yes,yes,not,not,not,not,not,not,not,not,yes,not,164,77,99,120,28.62879239,1.836059165,120,65,130,9.5,4.48,215,35,38.9,91,29.8,338,14.9,49.8,8.6,15.7,0.197,10.8,61,5.9,79,311,80,68,NPKA,not,not
211,male,70,not,yes,yes,not,not,not,not,yes,not,yes,yes,not,not,176,70,83,86,22.5981405,1.855793609,170,100,146,6.8,4.47,153,8,41.5,93,32.6,351,14.1,49,9.9,15.8,0.151,6.1,96,1.2,78,351,82,69,three_vessel,yes,yes
212,male,59,yes,yes,yes,not,not,not,not,not,not,not,not,not,not,179,95,105,103,29.64951156,2.139032107,130,80,132,5.5,4.59,255,5,46.8,92.5,30.7,339,14.9,47.9,9.1,15.5,0.219,5.1,71,20,66,299,83,72,three_vessel,yes,yes
213,male,58,yes,yes,yes,not,not,not,not,not,yes,yes,not,not,not,168,78,95,94,27.63605442,1.878692748,165,90,160,11.6,4.5,274,29,46,91.1,33.9,354,14.6,49.9,7.6,15.6,0.179,5.4,90,18.9,70,383,105,60,OB_PKA,yes,yes
214,male,41,yes,yes,not,yes,not,not,not,not,not,not,not,not,yes,164,75,95,92,27.88518739,1.815637527,145,80,141,7.7,4.71,312,8,42.5,90.3,29.9,331,15,48.3,7.7,15.7,0.24,6.6,88,3.4,77,307,91,64,PMZV,yes,yes
215,male,51,not,yes,yes,not,not,not,not,not,not,not,not,not,not,174,93,98,99,30.71739992,2.076680963,130,80,169,8.4,5.11,284,3,43.2,91.9,33.1,349,15.3,51.8,7.1,15.6,0.206,6.4,89,1.6,87,368,80,70,PKA,yes,yes
216,male,79,not,yes,yes,not,yes,not,not,not,not,yes,not,not,not,156,65,90,78,26.70940171,1.647668481,110,60,148,12.9,4.5,298,44,30,89.3,30.9,338,14.6,40.4,8.7,15.4,0.197,6.2,76,109,62,405,97,55,three_vessel,yes,yes
217,female,70,not,not,yes,not,not,not,not,yes,not,not,not,not,not,170,75,90,94,25.95155709,1.863557634,180,100,136,13.1,4.17,204,23,40.2,96.5,32.6,338,14.9,54.1,8.8,16.1,0.179,6.8,83,10,75,368,87,83,NPKA,not,not
218,female,72,not,yes,yes,not,not,not,not,not,not,not,not,yes,not,160,79,107,124,30.859375,1.823244134,140,75,143,12.7,4.25,299,15,40.4,90.1,30.1,344,14.7,47.3,8.2,15.9,0.226,10.4,84,14,81,312,85,60,NPKA,not,not
219,female,67,not,not,yes,not,not,not,not,not,not,not,not,yes,not,164,110,126,137,40.89827484,2.136584162,160,80,121,7.8,4.06,227,5,36.2,89.4,29.8,334,14.4,46.1,9,15.7,0.204,17.5,101,2.7,74,403,101,69,OB,yes,yes
220,female,70,not,yes,yes,not,not,not,not,not,not,not,not,yes,not,169,71,70,92,24.85907356,1.812879687,160,90,154,9.3,4.8,195,6,43.4,91.8,31.8,346,14.5,47.5,8.6,14.5,0.172,8.5,86,0,80,409,92,63,NPKA,not,not
221,male,63,yes,yes,yes,yes,not,not,not,not,not,yes,yes,not,not,169,84,94,104,29.41073492,1.947165567,150,95,145,8.8,3.9,414,6,42,94.2,33.4,337,15.2,50.9,9,15.6,0.194,5.3,98,5.3,79,301,86,67,PKA,yes,yes
222,male,54,not,not,not,not,not,not,not,not,not,not,not,not,not,173,81,91,98,27.06405159,1.950095506,130,80,154,6.7,4.78,225,12,45.3,92.1,32.3,339,14.6,49.7,10.6,15.4,0.228,6.4,87,2.4,75,403,92,66,NPKA,not,not
223,male,39,yes,yes,not,not,not,not,not,not,not,not,not,not,not,178,63,80,94,19.88385305,1.789124483,120,80,172,9.2,5.16,198,3,46.5,88,30.4,350,14,42.1,9.5,15.9,0.181,4.5,67,0.6,68,211,93,55,PMZV,yes,yes
224,male,65,not,yes,yes,yes,not,not,not,not,not,not,not,not,not,178,82,104,98,25.88057064,2.001205614,150,70,154,6.7,4.8,164,15,44,90.1,31.2,349,14.6,45.7,8.6,15.5,0.189,4.2,116,2.4,83,434,93,67,PKA,yes,yes
225,male,37,yes,not,not,not,not,not,not,not,not,not,not,not,not,190,100,98,110,27.70083102,2.282772775,130,80,159,8.6,5.11,274,5,45.7,89.6,31.1,347,13.8,45.4,8.7,15.6,0.238,5.5,66,1.1,87,322,90,53,NPKA,yes,yes
226,male,57,yes,yes,yes,not,not,yes,not,yes,not,not,not,not,not,176,85,88,94,27.44059917,2.015422261,140,100,140,10.4,4.63,241,7,41.8,90.3,30.2,334,15.5,49.7,9.1,15.7,0.219,5.4,135,6.7,75,584,92,54,NPKA,yes,yes
227,female,68,not,yes,yes,not,not,not,not,not,not,not,not,not,not,173,96,98,125,32.07591299,2.096114598,140,80,176,6.7,5.3,152,2,50.8,95.9,33.2,346,14.4,50.4,9,15.8,0.136,6.7,81,1.1,76,514,99,83,NPKA,not,not
228,female,75,not,yes,yes,not,not,not,not,not,not,not,not,not,not,160,64,98,103,25,1.667169667,160,100,139,7.1,4.81,288,12,41.2,80.8,30.2,328,16.3,51.9,8.7,15.5,0.255,6,79,0,80,354,102,76,three_vessel,yes,yes
229,male,63,yes,yes,yes,not,not,not,not,not,not,not,not,not,not,180,96,101,104,29.62962963,2.157268311,150,80,162,12.4,4.8,164,10,34,95.3,33.2,338,15.1,53.4,8.9,16,0.188,5.8,102,0,73,465,96,60,PKA,yes,yes
230,male,50,yes,yes,yes,not,not,not,yes,yes,not,not,not,not,not,164,59,78,89,21.93634741,1.639608716,120,80,134,9.7,4.47,329,10,46.1,90.2,30.1,337,14.5,47.7,8.8,15.4,0.256,6.7,83,7,63,299,88,60,NPKA,not,not
231,female,50,not,yes,yes,not,not,not,not,yes,not,not,not,not,not,160,70,89,95,27.34375,1.731888698,150,90,148,11.1,5.29,291,9,47.1,89.3,30,335,14.9,48.1,8.8,15.6,0.216,4.8,66,4,77,309,105,60,NPKA,not,not
232,male,63,yes,yes,yes,not,not,not,not,not,yes,not,not,yes,not,180,110,105,108,33.95061728,2.285760803,120,80,148,8.8,4.77,189,14,43.5,91.3,31,340,14.2,47,9.1,16.3,0.171,14.2,100,10.8,72,273,102,85,three_vessel,yes,yes
233,male,76,not,yes,yes,not,not,not,not,not,not,not,not,not,not,176,83,90,94,26.79493802,1.995129991,160,80,147,6.3,4.64,260,3,42.3,91.2,31.6,347,14.4,48.3,8.4,15.4,0.218,5.3,96,0.4,70,323,79,60,PMZV,yes,yes
234,male,52,not,yes,not,not,not,not,not,not,not,not,not,not,not,177,90,92,101,28.72737719,2.073480752,110,70,152,5.9,5.65,276,11,45.1,90.1,31.2,354,14.3,46.6,8.4,15.8,0.21,5.3,66,0.5,82,299,92,77,NPKA,not,not
235,male,30,yes,yes,not,not,not,not,not,not,not,not,not,not,not,174,78,90,98,25.76298058,1.927102145,140,90,142,11.6,4.5,340,31,40,92.7,33.1,358,13.6,47.9,8.9,15,0.175,6.9,71,0,72,208,90,72,NPKA,not,not
236,male,79,not,yes,yes,not,not,not,not,not,not,not,not,not,not,164,86,100,100,31.97501487,1.924376103,180,100,146,8.5,4.63,275,2,38.4,89,30.9,338,15.1,39.5,8.7,15.5,0.196,6,91,0,65,408,107,67,three_vessel,yes,yes
237,female,68,not,yes,yes,not,not,not,not,not,not,not,not,yes,not,155,74,92,112,30.8012487,1.732927069,120,70,121,5.6,4,197,6,36,90.1,30.2,336,13.9,45.4,8.5,16.2,0.167,6.4,82,1.3,74,338,98,60,NPKA,not,not
238,female,46,yes,yes,yes,not,not,not,not,yes,not,not,not,not,not,156,64,90,93,26.29848784,1.636847225,150,100,157,12.3,5.29,297,22,46.7,88.3,29.6,336,14.9,48.3,8.8,15.6,0.216,4.7,68,0,82,306,89,54,NPKA,not,not
239,male,67,not,yes,yes,not,not,not,not,not,not,not,not,yes,not,168,104,110,98,36.84807256,2.123023112,150,80,139,9.3,4.26,215,42,41.8,98.2,32.6,332,15.5,53.3,8.5,15.8,0.182,10.6,96,5.3,76,456,116,80,OB,yes,yes
240,female,80,not,yes,yes,not,not,not,not,not,not,not,not,not,not,155,65,74,100,27.05515088,1.64000428,120,90,133,6.9,4.36,178,12,38.8,89,30.5,344,15.2,56,8.1,15,0.154,5.4,92,0.7,74,337,130,78,NPKA,not,not
241,male,67,yes,yes,yes,not,not,not,not,not,not,not,not,not,not,176,76,92,104,24.53512397,1.921802635,170,90,162,9.6,5.1,232,30,47,86.6,32.2,339,12.2,49.4,9.9,14.6,0.22,6,132,1.9,71,378,129,140,three_vessel,yes,yes
242,male,79,not,yes,yes,not,not,not,not,not,not,yes,not,not,not,170,87,90,97,30.10380623,1.984894709,135,85,138,4.6,4.6,196,4,40.1,91.9,32.7,331,14.7,37.5,9,15.8,0.201,5.8,92,2,67,378,125,75,PMZV,not,yes
243,male,46,not,yes,not,not,not,not,not,not,not,not,not,not,not,177,82,98,99,26.17383255,1.993048325,130,90,123,11.6,4.09,211,5,40,90.6,31,345,14.1,45.8,9.1,16.2,0.185,6.2,70,0,71,434,124,56,OB,yes,yes
244,female,57,not,not,yes,not,not,not,not,not,not,not,not,not,not,160,65,95,113,25.390625,1.678191386,120,80,149,5.7,4.58,298,3,43.7,95.5,32.5,340,13.8,49,8.6,15.6,0.256,4.7,61,3.7,75,326,119,92,NPKA,not,not
245,male,69,not,yes,yes,not,not,not,not,not,not,yes,not,not,not,176,80,94,96,25.82644628,1.964157241,150,90,143,6.1,4.13,199,4,42.8,80.6,30.8,367,14.3,44,10.4,13.9,0.2,5.6,110,12.9,75,378,122,60,OB_PKA,yes,yes
246,female,80,yes,yes,yes,not,not,not,not,not,not,not,not,not,not,158,110,113,112,44.06345137,2.079622957,140,80,110,6.3,1.1,202,3,40.2,86.11,29.1,330,16.4,50.1,8.1,15.7,0.348,6,132,5,65,411,132,72,PKA,yes,yes
247,male,67,yes,yes,yes,not,not,not,not,not,not,not,not,not,not,174,90,97,101,29.72651605,2.047941728,180,100,157,11.9,4.95,345,27,45.5,89.5,29.5,355,12.9,49.9,10.5,14.7,0.23,5.3,117,12.2,76,423,112,67,three_vessel,yes,yes
248,female,66,not,yes,yes,not,not,not,not,not,not,not,not,not,not,157,80,92,113,32.45567772,1.808034928,190,100,144,8.3,4.5,172,35,36.8,89.8,30.1,334,14.2,46.4,9.1,15.6,0.205,5.8,51,0,77,229,125,60,PMZV_PKA,yes,yes
249,male,56,not,yes,yes,not,not,not,not,not,not,not,not,yes,not,178,90,100,105,28.40550436,2.081967241,200,110,143,8.9,4.32,134,3,39.9,94.8,33.7,344,15.6,53.5,7.8,15.6,0.201,15.3,78,1,69,219,127,68,PMZV_PKA,yes,yes
250,male,50,yes,not,yes,not,not,not,not,not,not,not,not,not,not,175,90,95,100,29.3877551,2.056468092,165,95,154,7,4.7,255,3,43,97.1,34,367,15,53,7.5,15.7,0.18,5.3,100,3,77,350,134,60,three_vessel,yes,yes
251,male,58,yes,yes,not,yes,not,not,not,not,yes,not,not,not,not,180,74,93,92,22.83950617,1.931356167,110,70,154,7.8,4.56,301,7,45.2,88.19,30.6,322,15.2,48.5,9,15.8,0.201,5.3,75,12,69,240,112,76,PMZV_PKA,yes,yes
252,male,54,yes,yes,yes,not,not,not,not,not,not,not,not,not,not,169,75,96,84,26.25958475,1.855603664,160,90,125,8.3,4.41,242,12,37.4,92.8,32.1,351,15.4,53.5,7.6,15.7,0.218,4.4,106,5.2,73,355,120,68,three_vessel,yes,yes
253,male,60,not,yes,yes,not,not,not,not,not,not,not,not,not,not,180,80,95,103,24.69135802,1.996421022,125,70,132,5.9,4.72,209,12,39.6,99.2,34.5,338,14.6,53.3,7.4,15.4,0.186,5.8,108,5.4,70,349,111,60,PMZV,not,yes
254,female,66,not,yes,yes,not,not,not,not,not,not,not,not,not,not,164,66,84,94,24.5389649,1.719627122,130,80,126,5.5,3.97,204,8,37.7,95,31.7,334,14,49.7,9.1,15.5,0.185,6.3,57,0,74,276,116,93,NPKA,not,not
255,male,70,not,yes,yes,not,not,not,not,not,not,yes,not,yes,not,170,75,92,98,25.95155709,1.863557634,130,80,109,3.2,3.47,173,4,45.5,92.4,23.8,329,15.4,51.8,8.5,13.8,0.207,7.3,112,1,72,457,135,67,PMZV_PKA,yes,yes
256,female,77,not,not,yes,not,not,not,not,not,not,not,not,not,not,159,85,90,98,33.62208773,1.87232951,150,100,113,5.9,3.66,165,27,33.4,91.3,30.8,338,14.1,47.6,10,16,0.165,3.7,86,2.4,72,341,112,59,NPKA,not,not
257,male,61,not,yes,yes,not,not,not,not,not,not,yes,yes,not,yes,173,78,90,98,26.06167931,1.919066192,130,80,127,7.7,3.98,195,4,37.1,93.4,31.9,342,14.9,50.4,9.1,15.4,0.177,4.6,95,0,58,203,111,64,NPKA,not,not
258,male,62,not,yes,yes,not,not,yes,not,not,not,not,not,not,not,172,96,109,99,32.44997296,2.087323303,150,90,75,8,3.49,283,22,44.5,93.2,32.1,311,14.6,47.9,8.7,15.6,0.233,5.6,111,3.4,78,553,119,58,PMZV_OB,yes,yes
259,female,58,not,yes,yes,not,not,not,yes,not,not,yes,not,not,not,163,83,99,103,31.23941436,1.887167836,140,80,84,5.5,3.87,229,23,40.1,90,30.9,351,13.9,45.1,8.3,15.5,0.202,8.2,90,12,77,398,116,68,PMZV_PKA,yes,yes
260,female,55,not,yes,yes,not,not,not,not,yes,not,not,not,not,yes,164,87,108,112,32.34681737,1.933854502,145,85,162,9.3,5.34,269,15,38.9,94,31,341,14.6,49.2,8.5,15.7,0.204,7.3,100,4.6,85,422,134,72,PMZV_PKA,not,yes
261,male,68,not,yes,yes,not,not,not,not,not,not,yes,not,not,not,176,90,101,101,29.05475207,2.064981068,145,85,161,5.9,5.49,220,9,44.1,91.5,32.9,360,13.7,45.4,9.1,16,0.134,6.1,106,1.5,73,403,134,65,NPKA,yes,yes
262,female,67,not,yes,yes,not,not,not,yes,not,not,yes,not,not,not,165,72,99,108,26.44628099,1.792290877,130,80,138,7.2,4.6,313,30,42.3,92,30.1,327,14,49,8.2,14.5,0.256,5.8,106,2,74,275,129,60,OB,not,yes
263,male,59,not,not,yes,not,not,yes,not,not,not,not,not,not,not,170,90,98,100,31.14186851,2.013700409,150,100,150,5.9,5.09,218,16,44.8,88.2,29.4,334,14.8,45.4,8.8,15.8,0.191,6.2,88,3.1,66,389,131,67,PMZV,yes,yes
264,female,55,not,yes,yes,not,not,not,not,not,not,not,not,yes,not,162,80,90,110,30.48315806,1.849600583,150,90,123,4.4,4.13,212,16,38,87.5,30,333,13.4,44,8.4,15.4,0.276,5.5,50,4,72,417,131,75,three_vessel,yes,yes
265,male,70,not,yes,yes,not,not,not,not,not,not,yes,not,not,not,176,72,92,94,23.24380165,1.878145867,120,80,140,5.1,4.24,268,10,41.4,94.6,33.6,148,15.2,49.7,8.6,15.5,0.199,5.1,70,1,74,335,121,68,three_vessel,yes,yes
266,female,65,not,yes,yes,not,not,yes,not,not,not,not,not,yes,not,160,67,94,103,26.171875,1.699945907,110,60,133,6.1,4.14,256,10,40.7,89.4,30.9,345,13.9,47.8,8.4,16.1,0.234,5.7,66,0,76,195,132,75,PMZV_PKA,yes,yes
267,female,67,not,yes,yes,not,not,not,yes,not,not,not,not,not,not,156,90,103,118,36.98224852,1.892059214,130,80,118,5.7,3.95,201,32,37.5,99.5,32.1,318,14.2,53.1,7.8,15.7,0.21,5.7,66,4,78,330,132,120,NPKA,not,not
268,male,66,yes,yes,yes,not,not,not,not,not,not,not,not,not,not,173,79,101,95,26.3958034,1.929484358,140,85,129,8.2,3.98,180,3,37.5,91.5,32.7,342,14.5,50.4,8.9,15.7,0.211,7.8,86,6,68,110,133,73,NPKA,not,not
269,female,56,not,yes,yes,not,not,not,not,yes,not,yes,not,not,not,165,90,96,111,33.05785124,1.97058535,150,90,148,6.5,5.2,312,9,37.4,89.5,29.8,352,13.5,42.9,8.8,14.3,0.254,5.8,67,0,68,401,120,64,NPKA,not,not
270,male,65,yes,yes,not,not,not,not,not,yes,not,yes,not,not,not,168,68,94,97,24.09297052,1.772277977,110,70,121,9.1,4.24,211,32,36,85.4,32.7,363,13.9,43.2,9.8,14.8,0.245,4.8,97,88,71,442,111,54,PKA,yes,yes
271,female,54,not,not,yes,not,not,not,not,not,yes,not,not,not,not,172,115,120,113,38.87236344,2.253829349,110,70,132,9.5,4.84,198,30,37.6,88.9,29.7,339,13.8,44.1,9,15.8,0.176,5.7,85,54.6,75,434,133,58,PKA,yes,yes
272,female,59,not,yes,yes,not,not,not,not,not,not,not,not,not,not,168,90,106,118,31.8877551,1.996496805,160,80,123,6.5,3.68,235,8,35.7,97.2,33.4,344,14.8,51.9,8.5,15.6,0.199,6.9,96,16.4,83,662,113,63,NPKA,not,not
273,male,63,not,yes,yes,not,not,not,not,not,yes,not,not,not,not,170,84,95,105,29.06574394,1.955512013,130,75,120,6,4.1,289,1,45.5,94.2,33.1,341,15.1,51.1,8.7,16.2,0.195,5.2,85,27.6,78,388,111,64,PMZV,not,yes
274,female,60,not,yes,yes,not,not,not,not,not,not,not,not,not,not,157,69,85,97,27.99302203,1.697870002,140,80,150,8.1,5.3,245,6,43.1,88.2,30.1,365,14.1,44.3,9.8,11.6,0.24,6.2,83,0,73,260,128,60,NPKA,not,not
275,female,55,not,yes,yes,not,not,not,not,not,not,not,not,yes,yes,172,82,102,99,27.71768524,1.952069765,160,80,129,6.5,4.54,294,3,37.7,87.6,29.4,335,14.1,43.2,9.1,15.6,0.222,7.7,103,3,81,315,115,58,PMZV_OB,yes,yes
276,male,52,not,yes,yes,not,not,not,yes,yes,yes,not,yes,not,not,176,84,91,100,27.1177686,2.005310854,150,80,161,9.2,4.78,155,2,42.3,92.3,31.7,345,14.5,49.9,8.9,15.4,0.219,6.3,63,0.1,75,248,125,69,NPKA,not,not
277,female,58,not,yes,yes,not,not,not,not,not,not,not,not,not,not,164,66,85,95,24.5389649,1.719627122,140,80,137,8.9,4.51,303,7,41.1,91.3,39.7,310,13.9,48.7,8.5,16.1,0.245,5.8,61,0,76,279,127,75,NPKA,not,not
278,female,56,not,yes,yes,not,not,not,not,not,not,not,not,yes,yes,170,81,94,104,28.02768166,1.925519516,180,100,142,11.3,4.82,296,7,39,80.9,29.5,364,13,39.2,9,10.1,0.27,7.5,67,0,70,306,121,79,NPKA,not,not
279,male,49,yes,yes,yes,not,not,not,not,not,not,not,not,not,not,181,90,96,103,27.4716889,2.107348473,140,100,148,7.1,4.36,222,9,41.4,91.1,31.4,345,15.1,49.1,8.2,15.8,0.227,5.8,106,0,82,420,117,80,PMZV,yes,yes
280,male,64,not,yes,yes,not,not,not,not,not,yes,not,not,not,not,176,104,114,103,33.57438017,2.195847508,150,95,172,6.2,5.8,146,2,48.1,82.9,29.7,358,14.7,45.5,10.7,14.3,0.16,5.1,123,0,81,318,126,56,NPKA,not,not
281,female,58,not,yes,yes,not,yes,not,not,not,not,not,not,not,not,164,95,109,130,35.32123736,2.007523537,190,90,123,6.2,3.97,255,6,36.2,91.2,30.9,339,14.1,46.8,8.9,15.8,0.226,5.6,73,11,74,446,129,80,NPKA,not,not
282,female,66,not,yes,yes,not,not,not,not,not,not,not,not,not,not,164,70,90,100,26.0261749,1.763172406,150,100,143,10.9,4.63,226,7,41.5,89.8,30.8,344,14.4,47.6,8.5,16.1,0.192,5.3,65,2,81,313,140,63,PMZV_OB,yes,yes
283,male,72,not,not,yes,not,not,not,not,not,not,not,not,not,not,174,80,90,98,26.42356982,1.947949856,150,80,161,7.2,5,201,4,43.2,90.6,33.5,375,13.4,44,10.5,12.5,0.207,6.1,94,10,78,345,132,64,NPKA,not,not
284,male,59,not,yes,yes,not,not,not,not,yes,not,not,not,not,not,185,135,135,110,39.44485026,2.543651904,130,70,145,9,4.86,197,5,45.1,94.5,32.4,340,14.6,50.2,8.8,14.9,0.234,7,105,1,70,383,139,56,PMZV_PKA,not,yes
285,female,55,not,yes,not,not,not,not,not,not,not,not,yes,not,not,175,78,90,107,25.46938776,1.935125407,100,70,124,9.8,4.23,274,12,35.1,90.1,30.2,336,13.9,45.4,8.5,16,0.167,6.5,59,0,71,170,136,75,NPKA,not,not
286,female,79,not,not,yes,not,not,not,not,not,not,not,not,not,not,150,55,90,80,24.44444444,1.491717654,160,90,133,10,4.7,444,12,40,85.3,28.2,332,16.1,49.7,7.9,15.5,0.35,6.2,56,7,72,303,113,60,three_vessel,yes,yes
287,male,44,yes,not,yes,not,not,not,not,not,not,not,not,not,not,192,100,105,115,27.12673611,2.300168833,130,80,155,6.7,4.76,167,6,42.3,93.6,33.1,354,13.8,46.8,8.1,15.6,0.212,5.9,59,0,75,289,111,63,NPKA,not,not
288,male,68,not,yes,yes,not,not,not,not,not,not,not,not,not,not,172,86,90,95,29.06976744,1.991986035,170,100,153,4.9,4.82,202,5,44.5,91.5,30.8,354,14.5,47.7,8.9,15.2,0.213,5.6,109,3.7,72,384,120,70,NPKA,not,not
289,male,61,not,not,yes,not,not,not,not,yes,not,not,not,not,not,185,100,109,109,29.2184076,2.239060491,140,100,158,6.5,5.07,308,10,42.8,84.4,31.2,369,13.8,43.4,9.5,11.5,0.29,5.3,71,0,80,337,126,82,NPKA,not,not
290,male,38,yes,not,not,not,not,not,not,not,not,not,not,not,not,165,60,81,92,22.03856749,1.658656537,120,80,157,7.2,4.79,303,2,45.8,95.8,32.7,342,14.5,51.1,8.5,15.7,0.257,5.7,70,0.7,71,288,113,56,PKA,yes,yes
291,male,56,not,yes,yes,not,not,not,not,yes,not,not,not,not,not,162,70,90,83,26.6727633,1.747557105,160,100,159,6.4,6.27,278,3,42.1,93.4,33.9,344,15.3,52.1,7.7,15.1,0.202,5.9,124,0,76,460,126,66,PMZV,yes,yes
292,female,69,not,yes,yes,not,not,not,not,not,not,not,not,not,not,158,60,82,90,24.03460984,1.607337189,130,80,128,4.1,4.03,232,13,39.7,87.5,28.9,340,14.8,46.5,8.7,15.3,0.245,5.1,72,0.8,68,300,118,72,PMZV,not,yes
293,male,73,not,yes,yes,not,not,not,not,not,not,not,not,not,not,178,90,99,105,28.40550436,2.081967241,140,80,156,8.4,4.92,203,4,44.7,90.9,31.7,348,14.4,46.8,8.3,15.9,0.168,6.6,86,0.5,74,272,120,58,NPKA,not,not
294,female,70,not,not,yes,not,not,not,not,not,yes,not,not,not,not,150,75,94,109,33.33333333,1.701897982,150,90,137,5.7,4.53,204,18,40.6,89.7,30.2,337,14.4,46.1,8.3,16.2,0.169,10,59,0,82,273,119,65,NPKA,not,not
295,male,79,not,yes,yes,not,not,not,not,not,yes,not,not,not,not,182,86,97,101,25.96304794,2.075295392,140,90,166,9.5,5.04,152,2,44.6,88.5,32.9,372,13,43.4,9.6,13.2,0.15,4.7,80,0.2,71,388,116,54,NPKA,not,not
296,male,58,yes,not,yes,not,not,not,not,not,not,not,not,not,not,171,85,100,104,29.0687733,1.973747292,140,80,155,7,5.4,299,5,45.1,97.1,30.5,309,14.5,49.8,9,15,0.24,5.7,85,0,76,360,120,65,PMZV,yes,yes
297,female,63,not,not,yes,not,not,not,not,not,not,yes,not,not,not,163,65,82,101,24.4646016,1.70094595,150,80,109,5.1,3.57,238,8,40.2,86.1,29.8,355,14.4,46.5,10,14.8,0.251,5.6,76,1.2,70,228,116,61,NPKA,not,not
298,female,80,not,yes,yes,not,not,not,not,not,not,yes,not,not,not,155,60,83,105,24.97398543,1.585152632,150,90,116,7.1,3.55,286,12,33.4,90.6,31.5,340,14.5,48.4,9.3,15.4,0.194,5.2,70,9,64,388,116,75,NPKA,not,not
299,female,68,not,yes,yes,not,not,not,not,yes,not,not,not,not,not,160,62,80,94,24.21875,1.644825306,140,80,138,7.8,4.25,253,5,38.1,89.6,32.5,362,12.9,44.3,8.8,10.3,0.22,6.3,104,0,77,291,140,64,NPKA,not,not
300,male,58,not,yes,yes,not,not,not,not,not,not,not,not,not,not,170,80,93,99,27.6816609,1.915380387,150,80,173,9.3,5.25,264,3,50,93.4,32.6,347,15.3,53.1,8.8,15.7,0.21,5,85,0,64,362,119,50,three_vessel,yes,yes
301,female,62,not,yes,not,not,not,not,not,not,not,not,not,not,not,176,85,95,108,27.44059917,2.015422261,135,75,133,7.3,4.5,310,5,41.6,90.5,33.4,341,14.3,49.5,9.1,15.4,0.241,5.3,62,0.6,72,227,109,60,NPKA,not,not
302,male,56,not,not,not,not,not,not,not,not,not,not,not,not,not,164,79,91,107,29.37239738,1.856178027,120,80,152,7.8,4.8,254,12,43.2,90.2,32.6,336,14.1,48.6,8.8,14.9,0.228,5.4,97,3.1,80,354,131,64,NPKA,not,not
303,female,78,not,yes,yes,not,not,not,not,yes,not,not,not,not,not,158,82,99,110,32.84730011,1.835538926,130,80,101,5.5,4.23,380,22,36.6,91.2,31.3,342,14.05,48.1,8.2,15.4,0.197,5,63,2.9,74,358,138,68,OB_PKA,not,yes
304,female,76,not,yes,yes,not,not,yes,not,not,not,not,not,yes,yes,145,97,122,121,46.13555291,1.852405716,180,100,112,6.4,3.99,280,14,40.1,72,27.7,329,15.6,45.4,7.2,15.9,0.249,8.4,104,8,76,444,131,82,three_vessel,yes,yes
305,female,55,not,yes,yes,not,not,not,not,not,not,not,not,not,not,160,54,74,94,21.09375,1.551031646,135,75,127,9.2,4.81,300,12,37.7,87.5,28.4,336,13.4,43.2,9.1,15.6,0.273,6.1,79,0,75,367,130,60,PMZV,yes,yes
306,female,50,yes,yes,yes,not,not,not,yes,not,not,yes,not,not,not,160,54,60,72,21.09375,1.551031646,160,100,158,10.5,4.79,354,12,44.3,90.4,28.1,307,15.8,48.7,8.8,15.6,0.345,5.5,45,0,76,320,128,67,NPKA,not,not
307,male,39,yes,not,yes,not,not,not,not,not,yes,not,not,not,not,175,83,94,103,27.10204082,1.98690498,120,70,156,9.6,4.52,208,4,46,89,30.1,351,13.5,41.4,9.6,16.1,0.182,6.6,83,10,84,509,137,62,PMZV,yes,yes
308,female,64,not,yes,yes,not,not,not,not,not,not,not,not,not,yes,155,58,80,90,24.14151925,1.562477248,140,85,111,4.7,3.81,349,27,39.6,94.5,32.5,345,14.7,49.6,8.4,15.2,0.242,5.5,88,9,77,314,116,60,PMZV,not,yes
309,male,50,yes,yes,yes,not,not,not,not,yes,yes,not,not,not,not,183,85,94,106,25.38146854,2.073224857,120,80,145,9.4,4.67,244,12,43.8,91.2,33.2,355,14.5,47.9,9.1,15.3,0.211,5.5,83,0.1,77,284,121,67,NPKA,not,not
310,male,67,not,yes,yes,not,not,not,not,not,not,not,not,not,not,167,77,95,91,27.60945176,1.860348564,130,80,155,7.5,5.75,325,14,35,87.2,33.7,359,13.7,45.5,10.1,13.7,0.25,5.6,93,0.8,78,319,129,66,OB_PKA,not,yes
311,male,41,not,yes,not,not,not,not,not,not,not,yes,not,not,not,182,80,89,94,24.1516725,2.012478848,140,90,151,8.5,5.02,203,2,44.7,94.5,32.9,350,14.8,49.8,7.9,14.9,0.231,4.9,102,0.3,68,245,131,100,NPKA,not,not
312,male,62,not,yes,yes,not,not,not,not,not,not,not,not,not,not,160,70,90,80,27.34375,1.731888698,140,90,190,10.2,5.31,257,7,54.3,103,36,240,16,57,8.7,15.7,0.223,6.1,88,4.3,76,406,109,70,PMZV_PKA,yes,yes
313,male,71,not,not,yes,not,not,not,not,not,not,not,not,not,not,176,80,90,99,25.82644628,1.964157241,140,85,153,7.5,4.87,232,4,40.3,90.5,31.6,380,14.9,44.3,8.9,15.1,0.234,6.2,94,4,74,342,138,79,NPKA,not,not
314,male,48,not,yes,not,not,not,not,not,not,not,not,not,not,not,169,114,130,121,39.91456882,2.217015586,145,100,134,5,5.51,300,7,44,92.1,32.3,355,15.1,47.5,8.1,16.1,0.238,5.4,70,2.3,80,370,137,58,OB,not,yes
315,male,70,yes,not,yes,not,not,not,not,not,not,not,not,not,not,163,70,86,90,26.34649403,1.755371342,150,90,131,5.6,4.64,202,8,46.5,93.8,27,331,14.9,50.4,8.5,15,0.227,5,109,1.8,67,356,136,61,PMZV,yes,yes
316,female,67,not,not,yes,not,not,not,not,not,not,not,not,not,not,158,55,72,93,22.03172568,1.548983725,120,70,149,8.8,4.46,215,25,41.5,90.4,30.5,358,14.9,48.4,8.7,15.5,0.238,7.2,76,9.3,81,412,136,60,three_vessel,yes,yes
317,male,56,not,yes,yes,not,not,not,not,not,yes,not,not,not,not,180,85,100,101,26.2345679,2.048528136,120,80,149,10.4,4.69,240,3,43.5,92.9,31.7,342,13.9,46.8,8.2,15.8,0.196,6.5,99,2.2,80,358,129,71,PKA,yes,yes
318,female,62,not,yes,yes,not,not,not,not,not,not,not,not,not,not,170,95,106,128,32.87197232,2.06050809,140,80,149,8,5.03,278,10,45.7,91,29.6,326,14.3,46.8,7.7,15.5,0.214,5.7,76,0,74,366,109,78,NPKA,not,not
319,male,71,not,yes,yes,not,not,not,not,not,not,yes,not,not,not,176,88,99,98,28.40909091,2.045352394,160,90,138,12,4.8,327,17,43.9,96.6,32.1,346,14.2,50.1,8.6,15.7,0.204,5.7,91,5.2,64,355,124,70,OB,yes,yes
320,female,71,not,yes,yes,not,not,not,not,not,not,not,not,yes,not,165,80,95,110,29.38475666,1.874370445,160,100,147,6.8,4.54,241,23,32.2,79.8,24.7,354,15.7,41.5,8.1,16.1,0.342,5.5,95,10.2,74,585,119,80,NPKA,not,yes
321,male,57,yes,not,yes,not,not,not,not,not,not,not,not,not,not,173,85,96,104,28.40054796,1.990456963,140,80,159,10.7,5.04,237,11,47,99,34,338,14.2,50,9.5,15.8,0.15,5.9,88,12,84,354,112,80,PMZV_OB,not,yes
322,female,71,not,yes,yes,not,not,not,not,not,not,not,not,not,not,161,76,108,106,29.31985649,1.801610318,140,80,135,7.7,4.21,100,22,41.3,84.5,30.1,345,14.2,46.1,9.2,14.7,0.241,5.9,90,4,78,474,128,56,PKA,yes,yes
323,male,58,not,yes,yes,not,not,yes,not,yes,yes,not,not,not,not,174,91,94,101,30.05681068,2.05758185,140,80,145,5.5,4.85,198,4,40.8,92.1,33.1,354,14.7,48.3,8.9,14.7,0.211,6.1,30,1.6,73,542,132,75,NPKA,not,not
324,male,76,yes,yes,yes,not,not,not,not,not,not,yes,not,not,not,170,98,100,99,33.9100346,2.087915286,160,90,124,9.1,4.03,239,37,42.6,95.8,36.1,333,14.3,45.1,8.4,16.1,0.178,5.9,146,15.3,68,406,138,72,three_vessel,yes,yes
325,female,74,not,not,yes,not,not,not,not,not,not,not,not,yes,not,160,80,108,125,31.25,1.833017265,150,90,140,17.9,4.7,304,27,41.1,87.5,29.7,346,14.7,46.8,8.1,15.9,0.246,15.2,76,20.4,79,519,126,60,NPKA,not,not
326,male,54,yes,yes,yes,yes,not,not,not,not,not,not,not,not,not,171,83,95,105,28.38480216,1.953874626,110,80,161,17.9,4.79,156,,47.1,98.4,33.6,341,13.9,49,9.6,15.8,0.149,7.2,78,64.6,89,329,133,76,PMZV_OB,not,yes
327,female,55,not,yes,yes,not,not,not,yes,not,not,not,not,not,not,167,90,96,112,32.27078777,1.987873901,150,90,138,8.3,4.38,239,11,40.1,93.4,32.5,347,13.8,46.8,7.8,15.7,0.208,5.8,70,8.4,77,312,111,68,NPKA,not,not
328,male,67,yes,yes,yes,yes,yes,not,not,not,not,not,not,not,not,170,72,90,86,24.91349481,1.831504975,150,80,161,7.2,5,183,12,42.1,98.2,32.6,332,15.5,54.2,8.5,15.8,0.182,5.8,119,0.8,75,375,110,80,PMZV_PKA,not,yes
330,male,70,not,yes,yes,not,not,not,not,not,not,not,not,not,not,172,70,88,90,23.66143862,1.825118699,150,90,133,4.4,4.57,169,6,35.2,94.2,33.4,335,13.2,47.6,8.5,17.4,0.267,4.8,89,4,61,445,115,50,three_vessel,yes,yes
331,female,62,not,yes,yes,not,not,not,not,not,not,not,not,not,not,164,89,109,124,33.09042237,1.952625094,165,100,134,9.2,4.5,230,6,40.6,90.4,33.7,334,14.2,49.8,8.9,15.2,0.238,7.2,90,0.8,70,288,135,52,NPKA,not,not
332,male,67,not,yes,yes,not,not,not,not,not,not,not,not,yes,not,170,77,99,104,26.64359862,1.88451826,120,80,139,6.7,4.2,199,9,41.2,94.5,35.7,349,14.2,52.6,7.7,15.5,0.234,6.7,89,5,78,294,120,68,NPKA,not,not
333,male,63,yes,yes,yes,not,not,not,not,yes,not,yes,yes,not,not,170,80,88,97,27.6816609,1.915380387,150,80,159,6.4,5.1,185,9,50.1,91.1,30.7,342,14.8,48.4,7.9,16.1,0.178,5.8,91,0,77,385,130,69,PMZV,yes,yes
334,male,58,not,yes,yes,not,not,not,not,not,not,yes,not,not,not,169,79,95,98,27.66009594,1.897036549,140,80,145,7,4.13,223,15,48.5,96.5,33,334,14.9,50.5,9.3,15.7,0.189,6.7,159,0,60,407,139,80,PMZV,yes,yes
335,male,72,yes,not,yes,not,not,yes,not,not,not,not,not,not,not,164,79,90,106,29.37239738,1.856178027,120,70,144,8.1,5.1,201,12,44.6,90.1,30.3,334,14.6,44.6,8.8,15.6,0.233,5.6,90,4,74,401,109,74,NPKA,not,not
336,male,55,not,not,not,not,not,not,not,not,not,not,not,not,not,175,80,89,97,26.12244898,1.956059916,160,100,159,5.4,5,243,5,39.8,92.1,32.5,349,14.6,48.5,9.1,15,0.218,4.9,83,0,72,300,121,57,NPKA,not,not
337,female,71,not,yes,yes,not,not,not,not,not,not,not,yes,yes,not,172,78,99,105,26.36560303,1.911017455,180,100,140,7.5,4.47,257,5,34.5,80.1,25.1,346,16.1,42.1,7.7,15.7,0.34,8.4,56,2,62,187,127,100,PMZV_PKA,yes,yes
338,female,69,not,yes,yes,not,not,not,yes,not,not,not,not,not,not,163,90,111,119,33.87406376,1.953239073,165,85,156,8.7,5.7,250,3,38.3,90.7,32.1,347,15.1,48.4,7.9,15.3,0.321,4.8,92,0,75,359,119,60,three_vessel,yes,yes
339,female,69,not,yes,not,not,not,not,not,not,not,not,not,not,not,155,71,80,98,29.55254943,1.702713593,120,80,141,9.4,4.5,205,15,39.8,85.6,29.4,349,15.3,47.9,8.7,16.1,0.265,5.9,67,0.8,74,350,122,64,OB_PKA,not,yes
340,male,54,not,yes,yes,not,not,not,not,not,not,not,not,not,not,175,83,99,106,27.10204082,1.98690498,140,80,173,10.3,5.46,187,3,43.3,92.3,33.1,352,15.6,53.9,7.5,15.5,0.221,7,87,0,67,495,123,45,OB,yes,yes
341,female,65,not,yes,yes,not,not,not,yes,not,not,not,not,not,not,155,89,109,120,37.04474506,1.874336479,160,100,138,11.1,4.13,369,9,41.2,90.3,30.8,375,14.2,48.1,8.5,16.2,0.205,6.4,82,1.4,71,349,114,75,OB_PKA,yes,yes
342,male,48,yes,yes,yes,not,not,not,not,not,not,not,not,not,not,175,80,89,96,26.12244898,1.956059916,130,80,142,9.5,4.31,198,20,41.9,97.3,32.9,338,15.1,52.6,9.9,15.6,0.196,7.2,90,9.1,80,414,122,83,PMZV_PKA,yes,yes
343,female,51,not,yes,not,not,not,not,not,not,not,not,not,not,not,165,69,90,105,25.34435262,1.760163645,120,80,126,8,3.64,278,26,38.9,86.5,28.4,333,14.2,43.1,8.5,15.7,0.221,5.4,55,5,62,365,120,75,OB_PKA,yes,yes
344,female,52,not,not,yes,not,not,not,not,not,not,not,not,not,not,158,75,101,96,30.0432623,1.76723274,145,85,149,6.9,4.72,225,17,42.6,90.3,31.5,349,13.7,45.4,8.9,16.1,0.2,6.3,53,4,78,347,112,74,PMZV,yes,yes
345,female,70,not,yes,yes,not,yes,yes,not,not,not,not,not,not,not,167,100,114,118,35.85643085,2.078910368,130,80,126,6,4.1,155,5,37.4,91.3,30.7,336,14.3,46.8,9.4,16.4,0.145,6,101,0.4,73,467,131,68,NPKA,not,not
346,female,76,not,yes,yes,not,not,not,not,not,not,yes,not,not,yes,157,67,84,104,27.18163009,1.676777211,160,90,112,6.7,3.88,308,55,41.7,88.4,27.8,362,14.2,49.1,8.4,15.7,0.251,5.5,53,0,72,272,122,55,NPKA,not,not
347,male,78,not,yes,not,not,not,not,not,not,not,not,not,not,not,173,80,95,105,26.7299275,1.939826969,110,70,144,7.5,4.14,279,6,38.2,90.3,31.1,345,14.7,40.1,8.8,15.4,0.197,5.7,89,2.8,71,501,127,86,three_vessel,yes,yes
348,male,64,not,yes,yes,not,not,not,not,not,not,not,not,not,not,176,105,108,102,33.89721074,2.204796242,180,90,161,12.9,5.03,154,5,46.5,91.6,31.6,346,14.8,49,9.3,16,0.143,5.8,131,2,82,557,130,61,PMZV,yes,yes
349,male,52,not,yes,yes,not,not,not,not,not,not,not,not,not,not,176,70,79,88,22.5981405,1.855793609,120,80,158,12.2,5.69,302,11,48.7,86,27.8,324,14.3,45.6,8.6,14.4,0.258,8.2,100,0,84,603,116,67,NPKA,not,not
350,female,73,not,yes,yes,not,not,not,not,not,yes,not,not,yes,not,160,90,112,120,35.15625,1.927109435,130,70,138,8.5,5.06,269,23,40.5,80,27.3,341,13.8,45.5,8.9,15.5,0.24,5.9,80,1.7,73,425,130,70,three_vessel,yes,yes
351,female,58,not,yes,yes,not,not,not,not,yes,not,not,yes,not,not,168,96,90,110,34.01360544,2.052016398,150,90,163,11,5.12,295,8,39.5,90.1,31.2,344,13.8,44.8,8.5,15.8,0.198,6.4,78,3.6,73,286,111,48,PMZV_PKA,yes,yes
352,male,62,not,yes,not,not,not,not,not,not,not,not,not,not,not,183,110,110,103,32.84660635,2.313317562,140,90,107,6,4.59,259,12,33.9,73.9,23.3,315,17.4,46.8,9.3,16,0.24,7.1,76,0.5,79,271,134,58,OB_PKA,yes,yes
353,male,47,yes,yes,yes,not,not,not,not,not,not,not,not,not,not,178,79,89,98,24.93372049,1.969755579,130,70,146,8.8,4.63,270,5,41.8,90.3,31.5,349,14.8,46.8,8.1,15.6,0.218,5.3,102,3.1,82,483,130,65,PMZV,yes,yes
354,male,66,not,yes,yes,not,not,not,not,not,not,not,not,not,not,176,89,90,93,28.73192149,2.055198435,150,90,157,8.5,4.88,187,6,46,83.4,33.2,361,14.1,50.5,9.4,14.4,0.31,7,94,7.7,69,338,134,60,PMZV_PKA,yes,yes
355,male,66,not,yes,yes,not,not,not,not,yes,not,not,not,not,not,170,70,90,92,24.22145329,1.809707802,145,80,143,6.6,4.33,262,5,41,89.5,30.9,363,12.5,50.1,8.4,12.9,0.33,5.1,101,0.1,64,334,133,48,three_vessel,yes,yes
356,male,69,yes,yes,yes,not,not,yes,yes,not,yes,not,not,not,not,174,90,95,100,29.72651605,2.047941728,160,90,147,10.1,5.42,267,14,43.3,92.9,34.9,377,13.8,45.4,8.7,16.4,0.201,5.6,74,0,82,400,111,78,OB_PKA,not,yes
357,male,60,not,yes,yes,not,not,not,not,not,not,not,not,not,not,182,90,95,105,27.17063157,2.115783113,145,90,176,6.2,5.27,166,12,46.3,92.1,32.1,338,14.9,48.3,8.2,15.4,0.2,5,92,0,71,429,140,60,three_vessel,yes,yes
358,female,58,not,yes,yes,not,not,not,not,not,not,not,not,not,not,161,54,74,95,20.83252961,1.558053735,135,80,130,8.7,4.82,304,11,38.6,88.4,29.4,332,13.4,43.2,9.1,15.6,0.273,6.1,80,0,75,389,126,60,PMZV,yes,yes
359,female,73,not,yes,yes,not,not,not,not,not,not,not,not,not,not,165,110,115,135,40.4040404,2.146021528,95,60,117,11.9,3.97,311,11,33.9,85.4,29.5,345,16.1,51,11,13.6,0.34,6,133,3,74,413,121,76,PMZV_PKA,yes,yes
360,female,60,not,yes,yes,not,not,not,not,not,not,yes,not,not,not,158,78,87,99,31.24499279,1.796937276,140,90,139,9.26,4.69,394,17,41.4,88.3,29.6,394,13.9,45.9,10.9,12,0.43,5.2,91,2,74,333,125,52,NPKA,not,not
361,male,55,yes,yes,yes,not,not,not,not,not,not,not,yes,not,not,182,64,82,92,19.321338,1.830393938,150,90,151,4.8,4,442,7,46.1,90.7,30.7,338,14.8,47.5,8.9,15.4,0.259,6.3,94,3,70,312,128,74,NPKA,not,not
362,female,79,not,yes,yes,not,not,not,not,not,yes,not,not,not,not,160,70,88,97,27.34375,1.731888698,160,80,123,5.8,4.37,320,12,37.8,86.8,28.1,325,15.7,48.3,9.2,15.7,0.294,5.9,88,4.7,80,262,114,60,PMZV_PKA,yes,yes
363,male,45,yes,yes,yes,not,not,not,not,not,not,not,not,not,not,176,85,100,101,27.44059917,2.015422261,140,70,145,9,4.81,202,8,43,81.8,29.4,359,15.6,46.9,12.4,22.1,0.19,6.6,92,20,77,354,118,74,PMZV,yes,yes
364,male,52,yes,yes,yes,not,not,not,not,not,not,yes,not,not,not,180,84,94,101,25.92592593,2.038250636,150,100,144,7.2,4.2,342,10,44.3,92.6,32.8,357,15.8,52.1,7.8,15.7,0.2,5.7,70,0.3,70,380,124,50,PKA,yes,yes
365,female,64,yes,yes,yes,not,not,not,not,not,yes,not,not,not,not,165,88,98,109,32.32323232,1.951853954,160,90,124,8.3,4.48,313,18,39,92,30.7,330,14.2,49.1,10.2,16.8,0.281,5.6,87,6,74,388,113,72,three_vessel,not,yes
366,female,50,not,yes,yes,not,not,not,not,not,not,not,not,yes,not,163,77,100,119,28.98114344,1.827935617,145,70,129,6.3,4.75,250,12,43.4,91.1,27.1,306,14.5,55.3,8.6,15.4,0.375,7.1,85,0,79,312,116,60,NPKA,not,not
367,male,64,yes,yes,yes,not,not,not,yes,yes,not,not,not,yes,not,172,86,95,105,29.06976744,1.991986035,200,100,154,8.7,4.82,202,5,44.7,90.4,31.6,339,15.1,51.1,8.7,15.7,0.185,10.2,64,12,67,488,118,85,three_vessel,yes,yes
368,female,72,not,yes,yes,not,not,not,not,not,not,not,not,not,not,158,70,90,94,28.04037814,1.716166336,120,80,125,9,4.62,294,5,38.2,82.7,27,327,15.8,47.6,8.2,15.8,0.241,7,85,2.3,71,379,136,71,PMZV,not,yes
369,female,67,not,yes,yes,not,not,not,not,not,not,not,not,not,not,160,71,82,100,27.734375,1.742360871,220,110,131,11.5,4.22,202,24,40.8,89.1,31,364,13.9,48.2,8.8,15.4,0.234,5.5,92,8.4,71,414,119,60,three_vessel,yes,yes
370,male,43,yes,not,yes,not,not,not,not,not,not,not,not,not,not,176,104,105,100,33.57438017,2.195847508,140,80,154,5.5,4.33,140,3,42.9,99.2,35.5,359,13.6,49.7,8.4,16.4,0.117,6.9,118,2.8,62,394,133,84,NPKA,not,not
371,female,75,not,yes,yes,not,not,not,yes,yes,not,yes,yes,yes,not,149,75,99,112,33.78226206,1.69366458,160,90,167,7.7,4.99,231,2,42.2,88.9,28.6,349,14.5,50.4,8.8,15.4,0.234,6.6,87,1,70,214,136,100,NPKA,not,not
372,female,78,not,yes,yes,not,not,not,not,not,not,yes,not,not,not,156,88,104,117,36.16042078,1.874074249,200,100,132,7.7,4.22,225,27,40.9,97.1,31.2,322,15.5,53.3,7.6,15.9,0.171,9.2,81,6.6,80,313,127,52,NPKA,not,not
373,male,54,yes,yes,yes,not,not,not,not,not,not,not,not,yes,not,180,80,88,93,24.69135802,1.996421022,140,80,123,6.7,4.15,279,38,42.1,92.2,34.5,350,14.9,50.1,8.7,15.2,0.199,13.1,78,0,70,267,123,75,NPKA,not,not
374,female,56,not,yes,yes,not,not,not,not,not,not,yes,not,not,not,172,92,97,111,31.09789075,2.049907547,130,90,127,8.1,4.4,298,4,46.2,90.4,40.3,267,14.2,50.2,8.1,15.6,0.19,5.7,77,0.9,82,323,127,64,NPKA,not,not
375,female,68,not,yes,yes,not,not,not,not,not,not,not,not,not,not,168,90,107,119,31.8877551,1.996496805,160,100,142,6.1,4.7,304,32,35.9,102.9,34.1,325,13.8,54.1,7.5,15.7,0.226,5,73,0.8,61,323,116,59,NPKA,not,not
376,male,35,yes,yes,yes,not,not,not,not,not,not,not,not,not,not,175,90,100,99,29.3877551,2.056468092,125,80,145,13.1,4.71,352,15,50,92.1,32.1,345,14.7,49.1,9,16.3,0.181,5.6,104,8.5,70,360,131,64,PMZV_OB,yes,yes
377,female,52,yes,yes,yes,not,not,not,not,not,not,not,not,not,not,170,80,92,108,27.6816609,1.915380387,150,90,132,9.1,4.12,284,9,42.4,90.8,35.4,378,13.5,42.7,7.9,14.7,0.23,5.1,72,1,74,305,133,70,NPKA,not,not
378,male,47,yes,yes,yes,not,not,not,not,not,not,not,not,yes,not,180,110,108,102,33.95061728,2.285760803,170,100,171,6.5,5,116,5,51,91.3,31,345,15.4,49.4,8.1,16.2,0.264,23.5,93,11.3,78,349,123,88,PMZV_PKA,yes,yes
379,male,52,yes,not,yes,not,not,not,not,not,not,not,not,not,not,172,90,90,105,30.42184965,2.030848442,120,80,144,7.6,4.76,226,9,43,92.1,30.4,334,14,47.5,9.8,15.6,0.234,5.5,89,8,73,290,125,75,NPKA,not,not
380,female,69,not,yes,yes,not,not,not,not,not,not,yes,not,not,not,170,85,99,106,29.41176471,1.965372319,120,70,137,9.9,4.2,282,2,38.9,84.4,29,339,14.9,47.1,8.4,15.6,0.265,5.8,96,10,74,354,112,52,PMZV_PKA,not,yes
381,male,70,not,yes,yes,not,not,not,not,not,not,not,not,not,not,178,95,100,105,29.98358793,2.130361758,160,100,152,5.1,4.47,109,15,45.5,90.9,31.6,351,15.1,49.8,8.8,14.9,0.291,7.2,147,4.2,78,444,132,70,NPKA,not,not
382,male,63,not,not,yes,not,not,not,not,not,not,not,not,not,not,172,78,80,94,26.36560303,1.911017455,130,80,134,6.2,4.23,179,2,38.6,90.1,30.6,340,13.8,47.6,8,16.6,0.212,5.1,76,4,70,267,123,81,NPKA,not,not
383,male,72,not,not,yes,not,not,not,not,not,not,not,not,not,not,178,80,96,98,25.2493372,1.980314055,125,80,123,8.2,4.07,207,16,37,96.7,35.6,355,14.8,49.5,8.8,15.6,0.191,6.8,95,24.9,70,405,136,60,three_vessel,yes,yes
384,male,61,not,not,yes,not,not,not,not,not,not,not,not,not,not,178,90,95,106,28.40550436,2.081967241,145,80,138,8.2,4.22,305,11,46.1,90.2,31.6,344,14.1,47.3,8.7,15.1,0.214,5.4,77,3,77,344,120,63,NPKA,not,not
385,female,77,not,yes,yes,not,not,not,not,not,not,not,not,not,not,159,62,88,102,24.52434635,1.637365769,140,80,80,4.6,4.04,222,12,38.7,82.3,30.2,367,12.8,41.8,9.8,12.5,0.234,6.1,70,0.2,75,210,136,74,NPKA,not,not
386,male,67,not,yes,yes,not,not,not,not,not,not,yes,yes,not,not,176,85,90,93,27.44059917,2.015422261,140,65,144,9.4,4.5,260,2,41,93.2,33.1,333,15.5,54.1,8.1,15.7,0.188,5.7,93,0,79,376,119,50,OB_PKA,yes,yes
387,female,74,not,yes,yes,not,not,not,not,not,not,not,not,not,not,162,62,98,103,23.62444749,1.659706051,180,100,138,7.2,4.71,294,25,42.2,69.6,29.2,327,16.3,51.9,8.7,15.5,0.255,6,77,0,81,262,115,78,three_vessel,yes,yes
388,female,79,not,yes,yes,not,not,not,not,not,not,not,not,not,not,145,60,91,105,28.53745541,1.51033194,160,90,125,9.3,4.22,203,14,37.9,90,29.6,329,14.4,46.8,9.6,15.7,0.194,5.5,79,11,69,200,120,69,PMZV_OB,yes,yes
389,female,58,not,yes,yes,not,not,not,not,not,not,not,not,not,not,156,84,95,108,34.51676529,1.837385793,140,70,132,7.9,4.4,228,3,39.3,89.5,30,335,14,45.4,8.6,15.7,0.196,5.7,71,0.3,88,366,114,76,PMZV,yes,yes
390,female,62,not,yes,yes,not,not,not,not,not,not,not,not,not,not,151,64,80,92,28.06894434,1.598641561,150,90,116,8,3.8,254,16,33.8,89.1,30.5,343,14.8,48.3,8.1,15.7,0.205,6.7,74,2.6,83,280,132,70,PMZV,not,yes
391,male,72,not,yes,yes,not,not,yes,not,yes,not,not,not,not,not,176,85,90,100,27.44059917,2.015422261,110,70,169,6.3,5.44,162,2,49.9,91.8,31,338,15,49,9.3,16.6,0.15,6.7,115,4.8,66,460,116,63,NPKA,not,not
392,male,41,not,yes,yes,not,not,not,not,not,not,not,not,not,not,175,100,105,99,32.65306122,2.150645893,160,80,162,7,5.44,271,4,42.7,91.2,32.6,351,14.2,48.1,8.9,15.1,0.209,4.8,117,0.2,72,320,137,62,NPKA,not,not
393,female,59,yes,yes,yes,not,not,not,not,not,not,not,not,yes,not,162,72,90,109,27.43484225,1.768605699,170,90,135,8.6,4.98,259,20,42.5,94,30.5,323,14.1,50.1,7.5,15.5,0.294,12.8,71,13.7,79,355,111,60,three_vessel,yes,yes
394,male,59,not,not,yes,not,not,not,not,not,not,not,not,not,not,173,100,110,100,33.41240937,2.132798116,190,100,160,9.2,5.16,206,3,46.2,89.6,31,346,14.4,46.8,8.9,16,0.183,5.2,88,0,75,376,110,61,PMZV,not,yes
395,male,68,not,yes,yes,not,not,not,not,not,not,yes,yes,not,not,166,72,88,89,26.12861083,1.800159549,170,80,127,7.2,4.54,363,8,43.1,80.7,30.8,367,15.1,44,10.4,13.9,0.2,5.1,113,48.2,72,357,135,90,PMZV_PKA,yes,yes
396,male,47,not,not,yes,not,not,not,not,not,not,not,not,not,not,182,101,104,100,30.49148654,2.222054281,140,95,168,5.6,5.34,195,2,47.3,88.7,31.4,355,13.1,41.8,9,15.9,0.175,5.8,96,2,76,330,138,58,NPKA,not,not
397,male,56,not,yes,yes,not,not,not,not,not,not,not,not,yes,not,182,74,98,95,22.34029707,1.946890656,120,80,146,8.8,4.46,189,16,44.5,92.1,33.3,336,15.3,39.8,7.1,15.8,0.213,5.6,90,1.2,80,266,120,60,PMZV_OB,yes,yes
398,male,55,not,yes,yes,not,not,not,not,not,not,not,not,not,not,180,92,100,106,28.39506173,2.118598773,150,90,149,7.1,4.8,215,3,44.8,90.9,32.4,349,14.3,47.6,8.7,15.1,0.208,6.5,78,3.5,70,278,136,52,NPKA,not,not
399,male,70,not,yes,yes,not,not,not,not,not,not,not,not,yes,not,179,93,102,104,29.02531132,2.119776261,200,100,150,6.3,4.94,228,5,46.5,90.6,31.2,339,14.6,48.1,8.8,15.8,0.252,7.9,93,1,72,391,135,82,NPKA,not,not
400,female,71,not,yes,yes,not,not,not,yes,yes,not,not,not,not,not,165,85,106,115,31.22130395,1.923292007,150,90,136,7.8,5.12,276,6,44.6,90.4,31,351,14.4,48.5,7.8,15.9,0.225,6.2,79,0,77,399,132,78,three_vessel,yes,yes
401,female,58,not,yes,yes,not,not,not,not,not,not,not,not,not,not,164,82,95,108,30.48780488,1.885814631,165,80,131,6.9,4.24,201,28,42.2,94.2,32,345,13.8,50.1,8,16,0.275,5.2,68,0.7,66,288,124,74,PMZV_OB,yes,yes
402,male,42,not,not,yes,not,not,not,not,not,not,not,not,not,not,176,85,90,100,27.44059917,2.015422261,140,100,151,5.9,4.77,199,3,42.3,91.5,31.7,351,14.3,48.5,9,14.6,0.222,6.3,70,0,73,322,121,75,NPKA,not,not
403,male,53,not,not,yes,not,not,not,not,not,not,not,not,not,not,179,91,99,107,28.40111108,2.100280803,150,90,148,6.9,4.81,214,3,45.1,90.9,32.4,349,14.3,47.6,8.7,15.1,0.208,6.5,77,2.1,72,268,133,63,NPKA,not,not
404,male,69,not,not,yes,not,not,not,not,not,not,not,not,not,not,174,77,89,94,25.43268596,1.916562943,160,90,155,6,5.29,196,11,42.2,79.8,29.3,367,14.6,43,11.5,14.6,0.2,6.1,93,1.5,75,248,134,50,NPKA,yes,yes
405,female,55,yes,not,yes,not,not,not,not,not,not,not,not,not,not,157,59,82,93,23.93606231,1.588567512,140,80,135,11,4.47,224,11,37.6,88,29.1,336,13.6,43.5,8.7,15.7,0.273,5.8,80,6.5,69,404,124,52,PMZV,yes,yes
406,male,35,yes,not,not,not,not,not,not,not,not,not,not,not,not,191,110,100,101,30.15268222,2.386203103,125,80,171,5.9,5.41,192,2,49.6,91.8,31.6,344,14.6,49,9.1,15.8,0.174,5.4,74,0,90,435,135,74,PKA,yes,yes
407,male,61,not,yes,yes,not,not,not,not,not,not,not,not,not,not,175,60,82,88,19.59183673,1.730944688,150,40,150,7.3,4.2,237,6,43.8,94.6,34.2,345,14.8,51.1,8.5,15.6,0.189,6.9,98,1.9,79,374,140,84,PMZV,yes,yes
408,male,60,yes,yes,yes,yes,not,not,not,not,not,not,not,not,not,182,76,96,105,22.94408888,1.969082247,140,80,156,5.7,4.43,162,2,38.4,100.7,34.6,337,14,54.2,7.8,15.3,0.175,4.7,116,0,74,400,117,55,PMZV_PKA,not,yes
409,male,53,yes,yes,yes,not,not,not,yes,yes,yes,not,yes,not,not,176,82,90,101,26.47210744,1.984878352,150,90,160,14,4.89,148,2,44,92.3,32.7,345,14.5,49.9,8.9,15.4,0.219,6.5,59,0.1,72,255,129,50,NPKA,not,not
410,female,60,not,not,yes,not,not,not,not,not,not,not,not,not,not,168,64,100,105,22.67573696,1.727197664,150,80,138,6.1,4.66,240,15,39,87,29.1,338,14.9,46.8,8.5,15.2,0.215,5.5,80,0,82,411,111,50,PMZV,yes,yes
411,male,53,yes,yes,yes,not,not,not,yes,yes,not,yes,not,not,not,178,137,152,120,43.23948996,2.489012435,130,80,148,7.3,5.07,129,6,45.1,92.6,32.4,356,15.4,53.5,7.7,15.5,0.219,6.6,83,0,69,341,118,80,PKA,yes,yes
412,female,65,not,yes,yes,not,not,not,not,yes,not,not,not,not,not,162,75,91,105,28.57796068,1.799557576,140,80,152,5.6,5.13,287,9,41.7,92.1,33.2,350,15.2,45.5,8.1,14.1,0.245,5.4,88,4,72,379,137,76,OB_PKA,yes,yes
413,female,63,not,not,yes,not,not,not,not,not,not,not,not,not,not,164,66,82,100,24.5389649,1.719627122,150,75,140,8.1,4.1,145,9,39.1,90.3,35.7,346,12.2,48.1,8.8,14.3,0.213,6.4,72,0,77,230,119,65,NPKA,not,not
414,female,65,not,yes,not,not,not,not,not,not,not,not,not,not,not,167,95,105,110,34.06360931,2.034081254,150,70,112,6.2,4.1,161,36,34,80.2,25.4,345,15.8,43.1,7.8,15.8,0.318,6.2,86,6,72,357,134,60,PMZV,not,yes
415,female,65,not,yes,yes,not,not,not,not,not,not,yes,not,not,not,170,75,101,106,25.95155709,1.863557634,160,80,132,7.6,4.24,45,23,39,92,31.1,338,14.3,48.3,10.4,17.2,0.278,6.3,86,1.2,78,330,110,82,PKA,yes,yes
416,male,68,not,yes,yes,not,not,not,not,not,not,not,not,not,not,178,94,104,102,29.66797122,2.12080219,150,90,156,8,5.3,343,9,43.8,82.8,29.4,356,14.8,43.9,8.8,15.8,0.301,5.2,61,0.4,75,358,117,70,NPKA,not,not
417,female,69,not,yes,yes,not,not,not,not,not,not,not,not,not,not,173,96,99,123,32.07591299,2.096114598,140,80,155,7.6,5.34,164,4,48.6,94.5,32.4,341,14.4,50.1,8.8,15.8,0.234,6.3,84,0,77,467,138,80,NPKA,not,not
418,female,70,not,yes,yes,not,not,not,not,not,not,not,not,not,not,163,85,101,108,31.99217133,1.906362034,120,70,141,8.5,4.75,240,10,42,89.5,30.2,332,13.4,45.3,8.8,15.7,0.213,5.6,65,0,74,234,121,64,NPKA,not,not
419,male,56,yes,yes,yes,not,not,not,yes,yes,not,yes,not,not,not,182,70,86,94,21.13271344,1.901449287,150,80,144,4.8,4.95,234,2,46.7,90.1,31,335,14.9,48.6,8.5,15.3,0.265,5.4,85,2,67,309,137,75,NPKA,not,not
420,male,79,not,yes,yes,not,not,not,not,not,not,not,not,not,not,183,106,103,105,31.6521843,2.27718522,125,70,119,5.2,4.02,252,11,37.2,89.5,31.2,337,14.3,39.1,8.6,15.5,0.195,5.3,109,3.8,66,358,118,70,PMZV,not,yes
421,male,56,yes,yes,yes,not,not,not,not,not,not,yes,not,not,not,175,76,99,92,24.81632653,1.913879919,130,80,130,10.7,3.92,148,3,39,100.1,34.6,338,14,53.3,7.4,15.4,0.175,5.7,73,3.3,75,389,124,60,PMZV_PKA,yes,yes
422,male,49,yes,yes,yes,not,not,not,not,not,not,not,not,not,not,175,90,95,100,29.3877551,2.056468092,140,80,152,5.4,5.8,233,4,45.3,84.5,30.5,351,14.9,46.7,8.2,15.7,0.201,5.8,70,0,76,375,117,58,PMZV_PKA,yes,yes
423,female,68,yes,yes,yes,not,not,not,not,not,not,not,not,yes,not,162,64,98,104,24.38652644,1.682252561,190,100,132,8.2,4.4,256,14,39.8,88.5,30.1,340,14.9,48.7,9.5,15.9,0.205,7.9,59,0,69,268,109,86,PMZV,yes,yes
424,female,77,not,yes,yes,not,not,not,not,not,not,not,not,not,yes,159,62,70,90,24.52434635,1.637365769,160,70,129,5.2,4.56,177,18,39,85.7,28.2,330,15.9,50.4,8.8,16.1,0.155,6.1,69,0.3,82,76,131,63,NPKA,not,not
425,male,39,yes,not,yes,not,not,not,not,not,not,not,not,not,not,173,100,109,108,33.41240937,2.132798116,180,100,162,11.7,5.37,190,6,46.1,86,30.1,351,13.5,41.8,9.5,15.9,0.18,5.2,75,0,74,294,116,58,PMZV_PKA,yes,yes
426,female,64,not,yes,yes,not,not,not,not,not,not,not,not,not,not,165,68,85,96,24.97704316,1.749276537,130,80,131,6.5,4.5,245,8,39.2,93.5,31.5,338,14,48.7,9.1,15.5,0.189,6.4,56,0,74,276,127,80,NPKA,not,not
427,female,61,not,yes,yes,not,not,not,not,not,not,yes,yes,not,not,157,60,80,92,24.34175829,1.599955314,120,80,125,5.7,4.15,253,10,41.1,99.1,34.9,347,14.9,50.1,8.2,13.5,0.245,5.1,85,0,70,354,122,68,OB,yes,yes
428,female,59,not,yes,yes,not,not,not,not,not,not,yes,not,not,yes,167,85,110,111,30.47796622,1.940165638,140,80,114,6.7,3.8,245,29,38.4,85,28.4,345,15.1,47.1,8.8,15.7,0.211,5.2,84,2.5,67,407,117,85,three_vessel,yes,yes
429,male,52,yes,not,not,not,not,not,not,not,not,yes,not,not,not,179,84,93,104,26.21641022,2.030034729,130,70,153,4.4,4.7,199,6,47,93.7,33.4,356,15.2,53.4,7.8,15.5,0.202,5.8,88,0,70,388,129,55,PMZV,yes,yes
430,male,58,yes,yes,yes,not,not,not,not,not,not,not,not,yes,not,180,115,110,108,35.49382716,2.329353878,120,80,158,10.1,4.98,71,7,42.8,85.9,31.7,369,14.2,44,10,12.4,0.07,7.6,53,0.9,78,320,124,77,NPKA,not,not
431,female,72,not,yes,yes,not,not,not,not,not,not,not,not,not,not,165,55,60,70,20.2020202,1.598439953,150,90,110,8.9,3.8,300,7,40.4,88.9,30.4,330,14.5,46.8,8.8,16.6,0.2,6.3,66,0.2,72,264,129,80,NPKA,not,not
432,male,60,yes,yes,yes,not,not,not,not,not,not,not,not,not,not,170,89,94,106,30.79584775,2.004160713,160,80,140,8.8,4.29,253,2,40.7,95.1,32.6,343,15.3,51.9,8.6,16.8,0.217,7.3,73,0,76,240,130,52,NPKA,not,not
433,male,74,not,yes,yes,not,not,not,not,not,not,not,not,not,not,176,78,90,97,25.18078512,1.943136072,150,80,165,9,4.93,196,4,44,89.2,33.5,375,13.4,44,10.5,12.5,0.21,6.1,95,10,91,429,122,72,NPKA,not,not
434,female,67,not,yes,yes,not,not,not,not,not,not,not,not,not,not,155,60,81,103,24.97398543,1.585152632,140,80,124,6.7,4.4,213,7,40.7,92.7,28.1,304,15,51.1,8.4,16,0.178,6.7,63,0.2,76,161,111,52,NPKA,not,not
435,female,72,not,yes,yes,not,not,not,not,not,not,yes,not,yes,not,158,69,90,100,27.63980131,1.705703636,150,90,125,8,3.99,281,7,37,92.9,31.3,337,14.3,49,9,15.7,0.252,5.9,94,1.3,86,394,118,56,three_vessel,yes,yes
436,female,69,not,yes,yes,not,not,not,not,not,not,not,not,yes,not,168,70,73,94,24.8015873,1.794246963,150,90,155,7.9,4.58,193,5,42.3,90.4,30.6,345,14.4,45.8,8.7,14.5,0.188,7.8,88,0,79,402,134,62,NPKA,not,not
437,female,65,not,yes,yes,not,not,not,not,not,not,not,not,not,not,157,80,110,100,32.45567772,1.808034928,160,90,134,12.9,4.4,240,25,40,90.2,31.2,348,15.1,48.2,8.6,15.9,0.21,9,119,3.8,85,358,116,65,PMZV,yes,yes
438,male,57,yes,not,not,not,not,not,not,not,not,not,not,not,not,178,70,95,106,22.09317005,1.871059043,110,70,144,8.9,4.76,256,7,42.1,98.4,33.6,341,13.9,51.5,9.6,15.8,0.149,5.6,78,3,80,433,111,61,PKA,yes,yes
439,male,78,not,yes,yes,not,not,not,not,not,not,not,not,not,not,164,63,94,80,23.42355741,1.685962253,140,80,138,4.5,5.4,109,7,42.7,94.9,33.4,335,14.1,45.8,9.2,15.4,0.192,6.4,115,1.8,70,439,140,66,three_vessel,yes,yes
440,male,68,not,yes,yes,not,not,not,not,not,not,not,not,yes,not,172,76,98,101,25.68956193,1.890036644,120,80,140,5.3,3.92,194,10,40.1,102.5,35.7,349,14.2,52.6,7.7,15.5,0.149,7.6,110,5,77,290,124,97,NPKA,not,not
441,male,47,yes,yes,not,not,not,not,not,yes,not,yes,yes,not,not,177,94,112,109,30.00414951,2.112157402,120,80,154,4.8,4.8,206,7,44,90.2,32.1,349,14.8,46.8,8.1,15.6,0.218,5.3,97,0,66,372,132,60,PMZV,yes,yes
442,male,68,not,yes,yes,not,not,not,yes,not,not,yes,not,yes,not,170,93,99,100,32.1799308,2.041959127,170,90,104,7.7,3.36,240,53,45.1,92.1,33.1,359,14.2,49.2,9.1,16,0.134,6.4,108,4,74,329,136,90,three_vessel,yes,yes
443,male,72,not,yes,yes,not,not,not,not,not,not,not,not,not,not,176,80,90,99,25.82644628,1.964157241,150,80,164,8.3,4.99,200,4,44.2,90.6,31.6,375,13.4,44,10.5,12.5,0.21,6,92,0,90,402,138,82,NPKA,not,not
444,female,53,not,yes,not,not,not,not,not,not,not,not,not,not,not,162,68,82,104,25.91068435,1.726159795,130,80,146,6.1,4.65,287,9,42.4,91.1,31.8,349,14.1,48.9,10.1,14.6,0.306,4.9,56,0,67,256,130,65,NPKA,not,not
445,female,63,not,yes,yes,not,not,not,not,not,not,not,not,yes,not,176,103,110,108,33.25154959,2.186849161,140,80,125,12.5,4.36,405,14,39.8,100,35.1,342,15.2,46.4,7.8,14.1,0.24,6.2,50,13.2,72,367,123,75,three_vessel,yes,yes
446,male,34,not,not,not,not,not,not,not,not,not,yes,not,not,not,196,91,90,103,23.68804665,2.243078988,120,75,170,9,5.56,169,7,45.3,81.5,30.6,375,11.6,37,10.2,13.1,0.17,5.9,104,2,80,271,133,67,PMZV,yes,yes
447,male,50,yes,yes,yes,not,not,not,not,not,not,yes,not,not,not,173,73,85,92,24.39105884,1.865786576,130,65,134,8,3.36,302,40,39.5,92.1,33.1,352,14.5,51.5,1.9,15.6,0.192,5.8,105,2.2,81,388,112,88,PMZV_OB,yes,yes
448,male,65,yes,yes,yes,not,not,not,yes,yes,not,not,not,not,not,170,83,91,96,28.71972318,1.945583977,130,70,152,7,5.07,161,19,46.8,92,29.9,324,14.8,46.3,8.9,14.7,0.142,6.2,142,19,78,655,121,85,three_vessel,yes,yes
449,male,59,not,yes,yes,not,not,not,not,not,not,not,not,not,not,172,83,96,102,28.05570579,1.962151953,130,80,148,10.2,4.72,279,13,44.6,94.6,31.3,331,14.3,50.4,8.4,15.6,0.234,5.4,97,1,80,386,117,70,PMZV,not,yes
450,male,52,not,yes,yes,not,not,not,not,not,not,not,not,not,not,175,88,94,103,28.73469388,2.036920339,140,90,156,7.2,4.56,256,5,43.1,90.3,31.9,343,14,50,8.6,16,0.218,5.2,89,0.9,71,322,124,64,NPKA,not,not
451,female,50,not,yes,not,not,not,not,not,not,not,not,not,not,not,170,82,109,114,28.37370242,1.935586921,115,70,127,6.2,4.08,200,10,37.6,92.4,31.1,337,13.3,46.8,9.2,15.5,0.184,6.1,77,0,73,298,130,75,NPKA,not,not
452,male,45,yes,yes,yes,not,not,not,not,not,not,not,not,not,not,180,94,103,108,29.01234568,2.138051823,150,80,154,13.4,4.9,211,4,51,91.4,30.4,342,15.3,49.1,7.8,15.8,0.251,7,82,1.5,68,363,124,62,NPKA,yes,yes
453,male,61,yes,yes,yes,not,not,not,not,not,not,not,not,yes,not,173,109,114,119,36.41952621,2.212361082,120,80,150,9.6,4.91,254,7,44.3,90.4,30.2,334,15.6,52.4,8.8,15.8,0.207,8.9,80,0.1,77,240,113,74,NPKA,not,not
454,male,60,not,not,yes,not,not,not,not,not,not,not,not,not,yes,173,79,89,99,26.3958034,1.929484358,130,80,130,7.8,4.21,194,4,39.6,93.4,31.9,342,14.9,50.4,9.1,15.4,0.207,5.2,90,0,67,208,123,84,NPKA,not,not
455,female,41,yes,yes,yes,not,not,not,not,not,not,not,not,not,not,180,85,98,107,26.2345679,2.048528136,120,80,153,11.1,5.03,253,11,41.4,82.3,30.4,370,12.1,38.1,8.8,15.6,0.216,5.2,74,0,73,250,140,54,NPKA,not,not
456,male,55,yes,yes,yes,not,not,not,not,not,not,not,not,not,not,180,95,102,110,29.32098765,2.147689145,100,60,150,13.4,4.4,232,5,41,93.9,33.1,341,14.5,49.2,8.3,15.6,0.189,14.3,126,15.4,69,470,128,74,OB,yes,yes
457,female,65,not,not,yes,not,not,not,not,not,not,not,not,not,not,160,90,110,102,35.15625,1.927109435,120,80,146,6.4,4.74,261,14,40.4,93.3,30.2,333,15,50.5,8.2,15.4,0.189,6,72,2.4,71,378,130,69,NPKA,not,not
458,male,56,yes,yes,yes,not,not,not,not,not,not,not,not,not,not,167,100,100,95,35.85643085,2.078910368,140,90,148,12.6,4.55,355,21,41.7,92.6,32.6,338,15.1,36.6,7.8,15.8,0.207,6.4,71,0,70,366,111,80,three_vessel,yes,yes
459,female,65,not,yes,yes,not,not,not,not,yes,not,yes,not,yes,not,161,75,90,103,28.9340689,1.791497146,140,70,115,8.1,4.01,157,14,37.1,90.2,31,328,14.5,46.3,9.2,15.6,0.205,8.8,100,12,74,356,122,80,three_vessel,yes,yes
460,male,67,yes,yes,yes,yes,not,not,not,not,not,yes,not,not,not,170,64,95,98,22.14532872,1.742080745,135,80,112,10.8,3.65,373,36,32.3,88.6,30.6,346,15.1,48.3,8.6,15.8,0.32,6.3,102,6.5,84,517,131,84,three_vessel,yes,yes
461,female,77,not,yes,yes,not,not,not,not,not,not,yes,yes,not,not,165,74,100,107,27.18089991,1.81328331,180,100,129,6.1,4,290,33,36,90.4,31.1,345,14.1,46.5,8.9,15.6,0.167,4.6,87,1.2,71,340,121,80,three_vessel,yes,yes
462,male,63,yes,yes,yes,not,not,not,not,not,not,not,not,not,not,180,80,95,100,24.69135802,1.996421022,140,80,141,8.2,5.22,326,8,42.4,90.9,30,332,15.2,52.1,10.3,15.7,0.186,6.3,109,0,79,377,138,69,PMZV,yes,yes
463,female,71,not,yes,yes,not,not,not,not,not,not,yes,yes,yes,not,169,87,79,90,30.46111831,1.976422853,140,80,118,9.1,3.66,250,5,42.7,82,30.1,339,14.4,45.4,8.9,15,0.24,11,86,18.6,65,431,138,70,NPKA,not,not
464,female,65,not,yes,yes,not,not,not,not,not,not,not,not,not,not,151,50,65,71,21.92886277,1.439417778,120,80,144,8.6,4.47,257,31,39.8,91.2,30.9,339,14.8,49.1,8.7,15.6,0.201,6.5,71,8.1,71,312,129,70,NPKA,not,not
465,male,54,yes,yes,not,not,not,not,not,not,not,not,not,yes,not,168,66,95,99,23.38435374,1.749934227,150,80,153,7,4.9,220,3,42.6,93,34.4,351,15.3,54.1,8.1,15.4,0.21,6.8,91,0.5,76,413,127,67,PMZV_PKA,yes,yes
466,male,59,yes,yes,yes,not,not,not,not,yes,not,yes,not,not,not,173,92,100,107,30.73941662,2.058541255,180,100,136,7.9,4.87,296,13,45.5,96.2,31.3,331,14.6,50.1,8.9,15.1,0.24,6,95,13.2,67,452,138,80,PMZV_PKA,yes,yes
467,female,70,not,yes,yes,not,not,not,not,not,not,not,not,yes,not,168,125,128,133,44.28854875,2.295632203,190,100,103,17,4.23,444,20,30.8,73,24.3,334,15.5,41.1,7.8,15.9,0.346,26.7,114,41.1,69,368,139,124,PMZV_PKA,yes,yes
468,female,72,not,yes,not,not,not,not,not,not,not,yes,not,not,not,164,65,74,90,24.1671624,1.708505141,125,80,125,5.8,4.09,265,36,37.5,91.9,30.5,333,15,50.4,8.6,15.8,0.227,5.3,81,1.6,74,240,112,71,NPKA,not,not
469,male,62,yes,not,yes,not,not,not,not,not,not,not,not,not,not,174,74,76,87,24.44180209,1.884464713,150,80,127,4.6,4.14,155,2,37.3,90.1,30.6,340,13.8,47.6,8,16.6,0.124,5.1,77,4,69,350,137,65,NPKA,not,not
470,female,65,not,yes,yes,not,not,not,not,not,not,not,not,yes,not,165,94,107,111,34.52708907,2.007342691,130,80,118,4.1,3.59,176,32,34.3,89.3,30.5,344,14.9,49.1,8.2,15.8,0.206,16.7,73,6.4,70,355,117,75,three_vessel,yes,yes
471,male,56,yes,yes,yes,not,not,not,not,not,not,not,yes,not,not,184,94,100,110,27.76465028,2.172393942,130,80,142,8.4,4.2,207,5,39,94.2,33.7,345,15.1,49.9,8.1,15.7,0.199,7.8,91,38,68,292,128,85,PMZV_OB,yes,yes
472,female,65,not,not,yes,not,not,not,not,not,not,not,not,not,not,154,67,83,102,28.25096981,1.653486439,140,80,112,6.4,4.4,250,8,41.8,90.4,30.7,349,14.5,47.1,9.3,15,0.222,5.5,77,1,74,220,138,64,NPKA,not,not
473,male,56,not,yes,yes,not,not,not,not,yes,yes,not,not,not,not,182,93,101,105,28.07631929,2.145474381,130,80,151,5.7,4.76,265,5,43.4,92.3,32.5,365,14.1,47.6,7.4,15.6,0.218,5.6,77,0,84,320,109,62,NPKA,not,not
474,female,60,not,not,yes,not,not,not,not,not,not,not,not,not,yes,169,87,81,95,30.46111831,1.976422853,140,80,135,7.8,4.5,231,8,40.1,92.1,31.2,332,15.1,51.1,8.8,15.4,0.217,6.7,89,8,78,331,136,80,NPKA,not,not
475,male,54,not,yes,yes,not,not,not,not,not,not,not,not,not,not,174,83,91,96,27.41445369,1.978667033,130,80,163,12.6,5.34,387,5,47.4,88.8,30.5,343,14.4,45.4,7.8,15.3,0.301,6.8,105,1.5,77,322,121,126,NPKA,not,not
476,male,55,not,not,yes,not,not,not,not,not,not,not,not,not,not,176,81,90,99,26.14927686,1.974554571,140,80,155,8.2,4.7,238,4,41.2,92.1,33.4,354,14.3,47.5,9.1,14.6,0.218,5.8,112,0,66,300,121,72,NPKA,not,not
477,female,52,yes,yes,yes,not,not,not,yes,not,not,yes,not,not,not,164,66,70,91,24.5389649,1.719627122,155,90,152,9.8,4.82,342,12,42.3,90.4,28.7,310,15.8,48.9,8.8,15.6,0.267,5.4,48,0,77,314,130,68,NPKA,not,not
478,male,58,yes,yes,yes,not,not,not,not,not,not,not,not,not,not,178,85,90,94,26.82742078,2.032000773,140,90,145,7.4,4.65,174,10,41.6,90.3,31.2,350,15.6,50.1,8.9,15.8,0.221,5.3,95,2.3,72,422,123,56,three_vessel,yes,yes
479,male,53,not,yes,yes,not,not,not,not,not,not,yes,not,not,not,168,85,95,102,30.11621315,1.948581596,150,90,190,9.7,5.89,116,7,44.6,92.4,33.1,345,15.1,53.3,8.2,15.6,0.222,5.4,60,15.1,62,379,122,70,PMZV_PKA,not,yes
480,male,62,not,yes,yes,not,not,not,not,not,yes,not,not,not,not,170,74,94,95,25.60553633,1.852956707,150,80,151,6.9,4.92,289,20,43.3,89.8,30.9,350,14.5,48.9,8.4,14.8,0.182,6.1,95,0,70,434,118,50,NPKA,not,yes
481,male,53,yes,yes,yes,not,not,not,not,not,not,not,not,not,not,167,73,84,90,26.17519452,1.8186452,160,90,163,10.1,5.39,291,3,46.4,86.1,30.2,351,14.5,46.1,9.2,15.9,0.267,6.9,102,1.2,72,188,123,64,PMZV,yes,yes
482,female,57,not,yes,yes,not,not,not,not,not,not,not,not,yes,not,147,82,104,118,37.94715165,1.741976447,130,70,138,8.3,4.4,229,16,39.6,90.2,31.3,348,13.3,44.6,8.2,15.8,0.187,5.9,75,5.2,71,336,134,83,PMZV,yes,yes
483,male,36,yes,not,not,not,not,not,not,not,not,not,not,not,not,178,78,100,92,24.61810377,1.95911997,110,70,163,12.3,5.87,145,3,54,91.7,31.8,354,15.1,49,9.2,15.9,0.178,5.1,107,2.3,76,364,126,67,PMZV,yes,yes
484,male,59,not,yes,yes,not,not,not,not,not,not,yes,not,not,not,182,92,99,104,27.77442338,2.135639312,115,75,144,7,4.51,229,3,45.6,92.6,30.6,332,14.8,48.7,8.9,15.6,0.217,4.8,89,5.2,77,374,140,57,OB_PKA,not,yes
485,female,71,not,yes,yes,not,not,not,not,not,not,not,not,yes,not,164,71,74,100,26.39797739,1.773833741,130,80,134,8.7,4.06,244,3,38.2,93.1,32,341,14.7,48.9,9.1,15.8,0.255,10.9,48,2.2,71,202,111,56,PMZV_PKA,yes,yes
486,male,69,not,yes,yes,not,not,not,not,not,not,yes,not,not,not,173,80,103,105,26.7299275,1.939826969,170,110,136,6.5,4.42,220,10,42.8,80.3,28.4,365,14.7,50.2,10.4,13.9,0.23,5.3,97,0,73,376,131,60,PMZV_PKA,yes,yes
487,male,56,yes,yes,yes,not,not,not,not,yes,not,yes,not,yes,not,175,90,95,100,29.3877551,2.056468092,170,110,166,9.2,4.8,336,21,43.8,92.1,33.5,350,15.6,55.4,7.8,15.5,0.228,7,100,13,81,356,134,92,PMZV_PKA,not,yes
488,male,53,not,not,yes,not,not,not,not,not,not,not,not,not,not,176,76,92,101,24.53512397,1.921802635,170,100,177,7.3,5.76,158,5,51.9,93.4,32.6,347,15.3,53.1,8.8,15.7,0.21,7.9,58,2.1,72,337,137,63,three_vessel,yes,yes
489,female,56,not,not,yes,not,not,not,not,not,not,not,not,not,not,165,84,95,107,30.85399449,1.913642818,100,60,108,5.1,3.62,240,10,33.5,92.7,29.8,322,14.7,49.7,9.4,16.1,0.225,6.3,64,3,76,318,119,115,NPKA,not,not
490,male,66,not,yes,not,not,not,not,not,not,not,not,not,not,not,179,80,88,96,24.96800974,1.988373725,130,70,154,7.8,5.65,321,12,47.6,89.8,31.5,342,14.7,46.5,8.1,15.1,0.32,5.2,75,0,84,290,115,64,NPKA,not,not
491,male,54,yes,not,not,not,not,not,not,not,not,not,not,not,not,170,88,93,105,30.44982699,1.994559183,130,80,154,3,4.39,143,4,43.6,92.3,32.9,345,13.9,48.1,9.1,14.8,0.21,8.1,73,0,58,321,117,50,NPKA,not,not
492,male,79,not,yes,yes,not,not,not,not,not,not,not,not,yes,not,176,85,89,93,27.44059917,2.015422261,190,100,87,5.5,2.5,161,58,40.8,92.9,32.5,331,14.3,40.4,9.1,15.4,0.198,5,184,0,66,485,130,78,PMZV_PKA,yes,yes
493,male,66,not,yes,yes,not,not,not,not,not,not,not,not,not,not,180,95,106,107,29.32098765,2.147689145,140,80,148,10.8,4.23,345,26,45.3,84.3,31.5,355,13.1,42.3,8.9,15.6,0.23,6.3,68,0,64,451,119,68,PKA,not,yes
494,male,58,yes,yes,yes,not,not,not,not,not,not,not,not,not,not,175,90,100,99,29.3877551,2.056468092,140,85,148,8.4,4.46,300,8,43.1,98,32.6,331,14.6,50.2,8.1,15.8,0.201,6,88,0,77,258,137,64,PMZV_PKA,yes,yes
495,male,49,yes,yes,not,not,not,not,not,not,not,not,not,not,not,170,74,90,96,25.60553633,1.852956707,130,90,141,17.4,4.92,295,12,40.9,94.9,32,343,14.9,51,7.7,15.7,0.227,10.4,115,0.8,78,287,125,74,PMZV_OB,yes,yes
496,male,59,yes,yes,yes,not,not,not,not,yes,not,not,not,not,not,180,104,110,104,32.09876543,2.231917097,140,80,156,6.9,5.13,199,3,42.4,89.9,31.6,351,14.1,46.2,8.5,15.2,0.222,4.8,94,0,68,318,130,57,NPKA,not,not
497,male,79,not,yes,yes,not,not,not,yes,not,not,not,not,yes,not,164,80,102,103,29.74419988,1.866127694,120,80,123,7.7,3.43,150,35,39,90.9,31.4,332,14.8,34.5,8.8,15.7,0.196,3.9,108,21.5,79,443,110,67,three_vessel,yes,yes
498,male,60,yes,yes,yes,not,not,not,not,not,not,not,not,yes,not,174,110,115,120,36.33240851,2.230264748,130,80,151,10.6,4.94,240,34,45,91.2,30.5,335,15.7,52.6,8.7,15.7,0.208,8.8,81,0,78,239,121,72,NPKA,not,not
499,female,73,not,yes,yes,not,yes,not,yes,yes,not,yes,not,yes,not,161,90,100,106,34.72088268,1.935834165,140,80,137,8.7,4.89,208,17,41.4,84.7,28,330,14.7,46.8,8.1,15.9,0.168,6.6,39,0,68,274,110,86,NPKA,not,not
500,male,63,yes,not,yes,not,not,not,not,not,not,not,not,not,not,182,90,94,104,27.17063157,2.115783113,110,70,147,6.2,4.65,133,7,42.3,90.8,31.9,349,13.9,47.5,8.7,14.8,0.207,5.9,89,4,78,245,112,63,NPKA,not,not
501,male,34,not,yes,yes,not,not,not,not,yes,not,not,not,not,not,194,130,105,108,34.54139654,2.590887183,150,80,154,5.7,4.7,238,9,43.2,89.1,33.4,347,14.1,46.3,8.9,14.5,0.187,5.5,90,0.5,66,468,129,72,NPKA,not,not
502,female,54,not,yes,not,not,not,not,not,not,not,not,yes,not,not,175,80,92,107,26.12244898,1.956059916,120,70,130,7.6,4.65,270,12,38.4,90.7,30.2,376,14.1,46.1,8.5,15.4,0.176,6.1,55,0,74,188,139,74,NPKA,not,not
503,male,54,yes,not,yes,not,not,not,not,not,not,not,not,not,not,180,113,110,100,34.87654321,2.312050035,120,80,149,14.5,4.51,221,15,42.6,94.5,33,349,14.1,48.3,7.6,15.9,0.167,8.4,86,7.8,75,575,111,51,PKA,yes,yes
504,male,45,not,yes,yes,not,not,not,not,not,not,not,not,not,not,175,90,95,103,29.3877551,2.056468092,165,80,161,7.1,5.33,277,4,43,91.2,32.6,351,14.2,48.1,8.9,15.1,0.209,5.4,98,0.2,74,312,134,67,NPKA,not,not
505,male,75,not,yes,yes,not,not,not,not,not,not,yes,yes,not,not,172,80,99,108,27.04164413,1.931691159,165,90,146,5.6,4.34,182,3,43.3,95.8,36.1,333,14.3,45.1,8.4,16.1,0.178,6.6,81,2,72,350,130,60,OB_PKA,yes,yes
506,male,60,yes,not,not,not,not,not,not,not,not,not,not,not,not,174,95,101,105,31.37798917,2.095545336,120,80,144,7.6,4.37,150,20,42.6,90.1,34.2,354,15.6,51.5,8.8,15.4,0.203,5.5,99,0.4,70,614,120,53,three_vessel,yes,yes
507,male,64,not,yes,yes,not,not,not,not,not,not,not,not,not,not,172,95,98,98,32.11195241,2.078054723,140,80,173,10.1,6.02,331,18,42.6,95.4,31.2,334,15.2,52.1,8.9,16.1,0.19,6.5,93,11,84,365,110,80,three_vessel,yes,yes
508,male,69,not,yes,yes,not,not,not,not,not,not,not,not,yes,not,178,120,112,108,37.87400581,2.352734142,180,100,153,9.3,4.92,228,22,44.5,90.1,31.7,345,14.5,46.5,8.9,14.7,0.195,6.1,119,2.1,75,320,136,80,NPKA,not,not
509,female,62,not,yes,yes,not,not,not,yes,not,not,not,not,yes,yes,165,76,76,94,27.91551882,1.83395198,150,90,112,8,3.79,245,10,41.5,91.1,33.2,356,14.2,49.3,9.2,15.3,0.245,6.1,58,0,66,229,134,67,NPKA,not,not
510,female,58,not,yes,yes,not,not,not,not,not,not,yes,not,not,not,170,94,100,112,32.52595156,2.051261975,150,90,125,8,4.25,288,5,44.5,90.6,40.6,299,14.2,50.4,8.1,15.6,0.19,5.7,75,4,79,390,116,63,NPKA,not,not
511,male,62,yes,yes,yes,not,not,not,not,not,yes,not,not,not,not,176,96,110,108,30.99173554,2.122405106,120,80,141,8.4,5.3,325,25,43.6,93.1,31.2,365,13.5,48.8,8.6,14.7,0.189,6.9,116,0,62,236,132,79,PKA,yes,yes
512,female,48,yes,yes,yes,not,not,not,not,not,not,not,not,not,not,168,62,80,100,21.96712018,1.704048773,110,75,146,10.5,4.94,438,12,44.8,90.8,29.5,325,15,49.7,8.8,15.9,0.363,6.2,59,0,81,289,124,60,NPKA,not,not
513,male,53,yes,yes,not,not,not,not,not,not,not,yes,not,not,not,170,70,91,93,24.22145329,1.809707802,145,90,153,8.6,4.34,268,17,45.3,94,32.7,346,15.4,53.2,8.6,15.4,0.221,5.2,88,4,70,365,125,62,three_vessel,yes,yes
514,male,47,yes,yes,yes,not,not,not,not,not,not,not,not,not,not,185,129,110,107,37.6917458,2.494976467,220,120,154,5.6,5.52,230,5,37.3,91.1,32.4,355,15,47.2,8.2,15.7,0.25,6.7,81,4,72,409,140,100,PMZV,yes,yes
515,female,64,not,yes,yes,not,not,not,not,not,not,yes,not,not,not,159,79,88,100,31.24876389,1.81497544,140,85,142,9.1,4.8,330,13,41.2,89.1,29.4,392,13.9,45.3,10.9,12,0.348,5.4,84,2,74,329,131,56,NPKA,not,not
516,female,63,yes,yes,yes,not,not,not,not,not,not,not,not,not,not,152,58,79,90,25.10387812,1.54049333,140,80,125,7.5,3.79,257,3,39.1,98.1,34.1,345,13.9,49.5,7.5,15.4,0.213,5.6,88,1,74,436,138,65,three_vessel,yes,yes
517,female,60,not,yes,yes,not,not,not,not,not,not,not,not,not,not,160,80,100,105,31.25,1.833017265,140,80,125,7,4.25,280,10,38.4,85.1,28.4,340,14.8,47.2,8.9,15.7,0.2,5.4,74,4.2,78,368,114,60,three_vessel,yes,yes
518,male,57,not,yes,not,not,not,not,yes,yes,yes,yes,not,not,not,180,99,107,100,30.55555556,2.185666257,130,80,156,6.5,5.2,165,14,43.5,90.7,32.4,340,15.6,51.1,8.4,15.4,0.212,7.7,77,0,68,462,137,68,three_vessel,yes,yes
519,male,62,not,not,yes,not,not,not,not,not,not,not,not,not,not,175,75,91,98,24.48979592,1.903136532,150,90,147,7.9,4.75,298,9,42.7,90,30.9,344,15.4,49,8.9,16.2,0.265,6,70,0,80,358,138,72,NPKA,yes,yes
520,female,64,not,yes,not,not,not,not,not,not,not,not,not,not,not,163,71,72,95,26.72287252,1.765985507,120,80,142,6.7,4.5,290,12,41.2,92.3,33,354,14.5,49.9,8.9,13.6,0.295,7.3,82,3,77,246,113,68,NPKA,not,not
521,female,61,not,yes,yes,not,not,not,not,not,not,not,not,not,not,152,80,88,95,34.62603878,1.766103574,170,100,127,6.7,4.49,233,11,38.1,84.9,28.2,333,14.7,46.8,9,15.9,0.209,6.2,84,7.3,75,410,112,58,PMZV_PKA,yes,yes
522,female,49,yes,yes,yes,not,not,not,not,not,not,not,not,not,not,168,64,83,102,22.67573696,1.727197664,120,75,143,7.6,5.01,348,12,43.5,90.8,30.5,325,14.7,49.7,8.8,15.9,0.256,6.2,58,0,80,290,118,60,NPKA,not,not
523,male,62,not,not,yes,not,not,not,not,yes,not,not,not,not,not,184,99,107,110,29.24149338,2.220773176,140,100,159,6.3,4.89,289,8,43.1,91.5,31.6,369,13.8,43.4,9.5,11.5,0.218,5.3,76,0,83,321,137,67,NPKA,not,not
524,male,49,yes,yes,yes,not,not,not,not,not,not,yes,not,not,not,172,65,94,97,21.97133586,1.768530786,160,70,140,7.8,4.39,250,7,38.8,92.1,32.9,351,14.7,51.2,1.9,15.6,0.188,6.2,91,0,70,376,126,74,PMZV_OB,not,yes
525,female,58,not,yes,yes,not,not,not,not,not,not,yes,not,yes,not,150,84,89,96,37.33333333,1.785875515,130,80,136,7.6,4.53,218,25,41.5,95.1,31.7,350,14.1,51,7.9,15.7,0.281,5.5,89,2,81,435,114,83,PMZV_OB,yes,yes
526,male,59,yes,yes,yes,yes,not,not,not,not,yes,not,not,not,not,177,100,103,104,31.91930799,2.168437663,150,90,159,7.6,4.97,243,5,45.7,91.6,30.5,338,15.1,47.8,9.2,15.5,0.218,5.7,111,0,77,445,126,60,three_vessel,yes,yes
527,female,75,not,yes,yes,yes,not,not,not,not,not,yes,not,not,not,160,62,99,92,24.21875,1.644825306,140,80,126,3.5,4,127,13,45.2,75.5,30.1,330,15.1,48.3,7.9,15.6,0.215,4.9,70,7,59,354,122,75,three_vessel,yes,yes
528,male,44,yes,not,yes,not,not,not,not,not,not,not,not,not,not,176,95,100,103,30.66890496,2.112980748,140,80,150,5.8,4.56,189,3,42.7,93.4,35.5,359,13.6,49.7,8.4,16.4,0.218,6.6,90,0,68,388,114,72,NPKA,not,not
529,female,61,not,yes,yes,not,not,not,not,not,not,not,not,not,not,169,93,105,130,32.56188509,2.033243711,140,80,147,7.9,5.1,284,9,46.2,91.1,29.7,327,14.3,47.1,7.7,15.5,0.214,5.6,77,1,77,320,117,80,NPKA,not,not
530,male,39,yes,yes,yes,not,not,not,not,not,not,not,not,not,not,176,85,90,100,27.44059917,2.015422261,140,100,159,6.8,4.91,196,3,40.2,91.5,32.8,351,14.3,48.5,9,14.6,0.222,6,67,0,70,355,136,80,NPKA,not,not
531,male,50,yes,yes,yes,not,not,not,not,not,not,yes,not,not,not,183,90,97,104,26.8744961,2.124205017,140,100,140,9.6,4.11,295,19,42.7,92.7,33.1,358,15.2,51.4,6.8,15.6,0.203,5.9,97,0,69,432,139,62,PMZV_PKA,yes,yes
532,male,52,yes,yes,yes,not,not,not,not,not,not,yes,not,not,not,180,92,100,107,28.39506173,2.118598773,170,90,149,9.7,4.51,311,15,44.5,96.7,34.7,348,15.4,55.7,8.8,15.7,0.181,5.4,55,4.1,67,324,109,68,NPKA,not,yes
533,male,69,yes,yes,yes,not,not,yes,not,not,not,not,not,not,not,169,80,89,96,28.01022373,1.90720523,150,90,158,8.8,4.73,231,12,42.2,80.2,30.1,367,15.4,43,10.4,13.9,0.21,4.3,86,2,62,582,138,110,three_vessel,yes,yes
534,male,52,not,not,not,not,not,not,not,not,not,not,not,not,not,195,90,84,100,23.66863905,2.224305744,110,60,152,9.3,4.88,213,7,44.3,90.9,31.1,343,14.4,48.5,9.7,15.7,0.206,7.3,100,0.8,78,320,136,60,NPKA,not,not
535,male,50,yes,yes,not,not,not,not,not,not,not,not,not,not,not,178,80,96,100,25.2493372,1.980314055,120,80,136,7.2,4.06,261,21,46.5,94.3,33.3,386,15,51.2,6.2,15.7,0.179,5.8,87,4.5,77,325,135,80,OB_PKA,yes,yes
536,male,55,not,yes,yes,not,not,not,not,yes,yes,not,not,not,not,182,92,103,105,27.77442338,2.135639312,130,80,152,5.5,4.67,266,5,43.4,93,32.5,350,14.1,47.6,7.4,15.6,0.196,7.2,76,2.6,81,396,123,60,NPKA,not,not
537,male,60,yes,yes,yes,not,not,not,not,not,not,not,not,not,not,175,94,110,108,30.69387755,2.094827405,145,95,157,11.5,4.81,417,8,48,98.1,33.1,329,15.1,49.1,8.6,15.7,0.196,6.1,108,0,76,356,124,63,three_vessel,yes,yes
538,male,70,not,not,yes,not,not,not,not,not,not,not,not,not,not,175,81,91,99,26.44897959,1.966414382,150,95,141,10.1,4.78,256,3,40.2,84.3,31.5,373,12.6,40.4,10.4,14.3,0.276,5.6,77,7,80,301,123,70,NPKA,not,not
539,female,49,not,yes,not,not,not,not,not,not,not,not,not,not,not,170,84,94,110,29.06574394,1.955512013,115,70,134,6.2,4.23,231,10,39.4,92.7,34.2,345,13.3,46.8,9.2,15.5,0.21,5.9,72,0,75,276,126,74,NPKA,not,not
540,male,57,yes,yes,yes,not,not,not,not,not,not,yes,not,not,not,170,90,99,100,31.14186851,2.013700409,150,100,157,11.3,5.2,213,10,40,92.2,33.8,325,15.2,51.5,7.6,15.5,0.198,5.9,74,0.8,84,367,112,67,three_vessel,yes,yes
541,female,64,not,yes,yes,not,not,not,not,not,not,not,yes,not,not,167,86,108,124,30.83653053,1.949833856,150,90,136,7.8,4.57,256,4,40.2,90.3,34.1,326,14.1,50.2,8.8,15.2,0.254,5.7,78,0.7,78,345,119,56,NPKA,not,not
542,male,50,yes,yes,yes,not,not,not,not,not,yes,not,yes,not,not,180,94,99,102,29.01234568,2.138051823,150,80,178,6.8,5.3,178,5,50,83,30.1,351,14.7,46.8,8.1,15.5,0.202,6.9,69,1.5,78,411,112,100,PMZV,yes,yes
543,male,50,not,yes,not,not,not,not,not,not,not,not,not,not,not,174,80,90,97,26.42356982,1.947949856,125,70,165,10,4.49,297,10,39.8,93.7,32.4,343,14.8,50.1,9.1,15.6,0.189,5.5,94,4,70,212,137,52,NPKA,not,not
544,female,71,yes,yes,yes,not,not,not,not,not,not,yes,not,not,not,155,78,100,99,32.46618106,1.772135848,140,90,141,12.1,4.35,225,4,40.6,85.4,27.9,328,14.4,45,8.8,15.2,0.243,4.9,80,1.6,62,380,130,82,three_vessel,yes,yes
545,male,70,not,yes,yes,not,not,not,not,not,not,yes,not,not,not,170,70,91,93,24.22145329,1.809707802,150,90,158,5.6,5.02,208,3,43.9,95.4,25.4,330,15.6,51.1,8.5,14.4,0.217,5.3,80,0,66,418,117,66,PMZV_PKA,yes,yes
546,male,53,not,yes,yes,not,not,not,not,not,not,not,not,not,not,175,97,100,105,31.67346939,2.122984855,150,90,142,5.7,4.5,227,5,44.2,90.1,31.4,326,14.2,47.7,8.7,15,0.243,6.2,98,2.4,74,505,137,68,NPKA,not,not
547,male,69,yes,yes,yes,not,not,not,not,yes,not,not,not,not,not,170,84,97,103,29.06574394,1.955512013,140,90,117,10,3.9,356,42,35,95.2,34.8,346,14.6,48.9,8.8,15.6,0.191,4.9,123,183,67,471,131,63,three_vessel,yes,yes
548,female,71,not,yes,yes,not,not,not,not,not,not,not,not,not,not,162,84,100,108,32.00731596,1.888353971,115,70,139,8.6,4.7,238,11,42.1,89.7,29.5,330,13.6,45.4,8.9,15.7,0.211,11.3,58,0,72,217,115,63,NPKA,not,not
549,male,69,not,yes,yes,not,not,not,not,not,not,not,not,not,not,176,70,85,85,22.5981405,1.855793609,160,90,147,7.2,4.8,149,7,38.8,96.7,35,336,12.3,46.9,8.5,18,0.277,5.3,93,3.6,79,412,112,70,PMZV_OB,yes,yes
550,male,64,not,not,yes,not,not,not,not,not,not,not,not,not,not,178,93,100,110,29.3523545,2.111183964,190,100,144,7.6,4.65,201,7,40.5,92.6,31.5,335,14.9,50.5,7.9,16,0.201,6.7,83,4,79,479,120,65,PMZV_OB,yes,yes
551,male,65,not,yes,yes,not,not,not,not,not,not,not,not,not,not,168,60,82,90,21.2585034,1.680466404,130,70,152,9.3,4.95,206,24,43.4,87.7,30.7,350,14.5,48.3,9.1,16.2,0.187,8,96,2.8,80,403,139,72,PKA,yes,yes
552,male,65,not,yes,yes,not,not,not,not,not,yes,not,not,not,not,176,100,111,104,32.28305785,2.159548728,150,90,165,7.3,5.67,156,2,45.3,82.9,29.7,358,14.7,45.5,10.7,14.3,0.234,5.4,110,0,82,312,109,83,NPKA,not,not
553,male,42,yes,not,yes,not,not,not,not,not,not,not,not,not,not,176,98,103,101,31.63739669,2.141085893,140,80,152,7.2,4.45,166,3,42.1,99.2,35.5,359,13.6,49.7,8.4,16.4,0.117,6.7,96,2.7,64,340,135,71,NPKA,not,not
554,female,72,not,yes,yes,not,yes,not,yes,yes,not,yes,not,yes,not,160,89,99,106,34.765625,1.917979955,140,80,135,8.8,4.56,210,9,40.3,89.5,29.9,341,14.7,46.7,8.1,15.9,0.201,5.9,34,0,72,283,123,82,NPKA,not,not
555,male,70,yes,yes,yes,not,not,not,not,not,not,not,not,not,not,175,90,100,104,29.3877551,2.056468092,160,90,175,14.9,6.11,279,11,48.8,90.5,28.6,332,15.9,49.7,8.5,15.6,0.237,5.2,167,4,80,579,138,60,OB,not,yes
556,male,56,not,not,not,not,not,not,not,not,not,not,not,not,not,175,80,90,98,26.12244898,1.956059916,120,80,158,5.8,5.12,265,5,40.2,92.1,31.6,349,14.6,48.5,9.1,15,0.218,5.3,98,0,73,298,131,67,NPKA,not,not
557,male,52,not,yes,not,not,not,not,not,not,not,not,not,not,not,174,80,91,97,26.42356982,1.947949856,130,80,157,9.5,4.85,216,20,46.3,95.6,32.3,339,14.6,49.7,10.6,15.4,0.228,8.2,117,13.1,73,564,129,120,NPKA,not,not
558,male,40,yes,yes,yes,not,not,not,not,not,not,not,not,not,not,167,65,96,99,23.30668005,1.731107117,125,80,132,5.7,4.15,252,15,38.5,92.8,31.8,342,14.1,48.3,8.4,15.7,0.211,5,81,0,83,371,135,62,three_vessel,yes,yes
559,male,68,yes,yes,yes,not,not,not,not,not,not,yes,yes,yes,not,174,84,90,95,27.74474832,1.988763887,130,70,121,6.7,3.6,245,15,36,93.5,32.7,352,14.4,43.2,9.1,14.7,0.234,6.9,129,12,68,304,111,92,NPKA,not,not
560,female,56,yes,yes,yes,not,not,not,yes,not,not,not,not,not,not,170,68,98,98,23.52941176,1.787549511,140,80,129,5.6,4.25,292,10,39.5,93,30.3,326,15.4,52.6,8.1,15.5,0.236,6.3,99,0,75,323,126,56,PKA,yes,yes
561,male,80,not,not,yes,not,not,not,not,not,not,not,not,not,not,161,65,90,80,25.07619305,1.685789173,140,70,113,11.5,4.14,249,15,35.1,80,25,328,15.8,40.4,8.6,15.4,0.197,5.5,101,0,78,400,116,93,three_vessel,yes,yes
562,male,57,not,yes,yes,not,not,not,not,not,not,not,yes,not,not,178,95,102,103,29.98358793,2.130361758,190,120,157,6.5,4.96,243,9,42.2,95.1,33.8,357,13.9,50.3,7.4,15.4,0.202,4.7,96,1,68,473,126,60,three_vessel,yes,yes
563,male,67,not,yes,yes,not,not,not,not,not,yes,not,not,not,not,180,105,117,109,32.40740741,2.241012825,120,80,141,10.1,4.68,319,22,41.3,88.3,30.1,341,14.4,46.8,8.5,15.6,0.271,6.8,103,3.91,82,331,119,90,NPKA,not,not
564,female,70,not,yes,yes,not,not,not,not,not,not,not,not,not,not,164,93,112,114,34.57763236,1.989451548,160,80,127,7.1,4.8,240,5,38.3,91,32.2,354,15.2,49.5,7.9,15.1,0.32,5.5,103,1.1,73,358,109,70,three_vessel,yes,yes
565,male,77,not,yes,yes,not,not,not,not,not,not,not,not,not,not,174,83,95,102,27.41445369,1.978667033,140,65,133,5.7,4.36,250,13,38.6,95.9,30.9,340,14.2,43.8,8.8,15.8,0.199,6.3,103,10,70,388,133,65,three_vessel,yes,yes
566,female,49,yes,not,yes,not,not,not,not,not,not,not,not,yes,not,170,114,118,110,39.44636678,2.226518733,150,90,141,10.2,4.32,294,14,40,85,28,335,14,44,8.7,15.6,0.211,8.9,99,17,68,412,118,82,PMZV_PKA,yes,yes
567,male,50,yes,yes,yes,not,not,not,not,not,not,not,not,not,not,188,95,102,106,26.87867813,2.216477345,140,80,155,9.5,4.46,206,14,44.5,99.9,34.7,348,15,54.8,8.8,15.7,0.181,8.1,110,0,80,353,110,67,PKA,yes,yes
568,male,70,not,yes,yes,not,not,not,not,yes,not,not,not,not,not,175,69,84,90,22.53061224,1.836875715,180,110,150,12.7,4.91,226,6,43.1,97,30.5,348,13.7,45.4,8.1,15.1,0.183,6.1,120,0.8,82,352,132,72,PMZV,yes,yes
569,male,47,not,not,not,not,not,not,not,not,not,not,not,not,not,180,82,87,95,25.30864198,2.017482504,180,100,146,5.4,5,222,3,43.1,92.4,31.6,365,14.2,53.4,8.9,14.8,0.213,5.4,88,0.1,73,402,124,71,NPKA,not,not
570,male,59,yes,not,yes,not,not,not,not,not,not,not,not,not,not,172,84,101,105,28.39372634,1.972164533,135,80,156,7.4,5.1,288,3,45.1,97.2,30.4,308,14.6,49.7,9,14.9,0.24,5.6,86,0,72,361,112,62,PMZV,yes,yes
571,female,57,not,yes,yes,not,not,not,yes,not,not,not,not,not,not,166,94,100,113,34.11235303,2.016155502,150,90,137,8.3,4.22,267,11,39.4,93.4,32.4,347,14,49,7.8,15.7,0.208,5.7,69,9.5,76,409,141,69,NPKA,not,not
572,female,74,not,yes,yes,not,not,not,not,not,yes,not,not,not,not,160,67,95,104,26.171875,1.699945907,150,80,141,7.7,4.57,256,6,41.9,91.8,30.8,336,14.7,48.3,8.5,15.7,0.217,5.8,70,0.1,68,366,141,67,PMZV,yes,yes
573,male,51,not,not,yes,not,not,not,not,not,not,not,not,not,not,173,100,102,104,33.41240937,2.132798116,150,80,176,5.6,5.16,221,16,44.7,86.7,34.1,393,13.7,43.9,9,16.4,0.198,5.6,79,0,90,340,142,74,NPKA,not,not
574,male,71,not,yes,not,not,not,not,not,not,not,not,yes,not,not,179,80,90,104,24.96800974,1.988373725,120,70,177,10.1,5,246,13,41.4,94.6,33.6,148,15.2,49.7,8.6,15.5,0.199,7.5,96,5.8,78,289,141,62,PKA,yes,yes
575,male,54,not,yes,yes,not,not,not,not,not,not,not,not,not,not,182,88,99,101,26.56683975,2.09567154,130,80,158,9.4,4.95,316,10,44,91.2,33.5,354,15.4,53.6,7.8,15.6,0.222,6.2,94,2.8,77,354,143,62,PMZV_OB,yes,yes
576,female,63,not,not,yes,not,not,not,not,not,not,not,not,not,yes,170,88,80,90,30.44982699,1.994559183,180,100,133,9.5,4.35,211,11,39.8,91.7,30.5,334,14.8,51.1,8.9,16,0.187,7.1,99,28.8,72,442,143,79,NPKA,not,not
577,male,56,not,yes,yes,not,not,not,not,not,not,yes,not,not,not,181,96,106,103,29.30313482,2.165950686,170,100,143,7.5,4.21,260,31,42.9,94.5,33,340,14.8,49.2,7.6,15.9,0.177,5.7,131,0,71,287,141,52,PMZV_OB,yes,yes
578,female,68,not,yes,yes,not,not,yes,not,yes,not,not,not,yes,not,174,82,97,105,27.08415907,1.968499985,140,80,119,6.7,3.89,190,6,40.1,84.4,28.9,340,14.8,46.5,8.7,15.5,0.262,6.2,127,5,71,359,143,75,OB,not,yes
579,male,62,not,yes,yes,not,not,not,not,not,not,yes,not,not,not,170,74,89,92,25.60553633,1.852956707,120,80,137,6.2,4.3,254,43,43.2,92.4,32.7,361,14.1,51.2,0.85,14.6,0.194,5.9,95,31.9,71,362,143,86,three_vessel,yes,yes
580,male,74,not,yes,yes,not,not,yes,not,yes,not,not,not,not,not,176,85,90,100,27.44059917,2.015422261,120,70,162,6.9,5.45,176,2,45.4,91.8,31.6,338,15,49,9.3,16.6,0.234,5.9,117,3.4,69,406,142,74,NPKA,not,not
581,female,67,not,yes,yes,not,not,not,not,not,not,yes,not,not,not,162,79,104,106,30.10211858,1.839739034,140,70,130,8.9,4.5,233,12,39,92.1,29.8,354,14.5,49.1,8.5,14.9,0.219,5.6,80,12,74,404,141,66,PMZV_PKA,yes,yes
582,male,71,not,yes,yes,not,not,not,not,not,not,not,not,not,not,176,82,105,99,26.47210744,1.984878352,150,90,145,7.5,5.53,236,12,43.5,96.1,34.9,343,14.2,49.1,8.6,15.2,0.199,5.2,70,0,79,359,143,65,PMZV_OB,yes,yes
583,male,50,yes,yes,yes,not,not,yes,not,not,not,not,not,yes,not,182,96,105,105,28.982007,2.17461988,160,90,153,6.8,4.79,110,3,44.5,98.7,35.1,354,15.4,55.1,8.7,15.4,0.182,6,114,0,76,534,143,62,three_vessel,yes,yes
584,male,77,not,yes,yes,not,not,not,not,not,not,not,not,not,not,168,90,93,107,31.8877551,1.996496805,145,80,157,8.2,5.4,300,3,46.9,86.9,29,334,15.1,47.6,7.7,16.6,0.231,6.2,93,6.4,75,470,142,80,NPKA,not,not
585,male,62,yes,yes,yes,not,not,not,not,not,yes,not,not,not,not,178,62,85,90,19.56823633,1.77699945,155,85,146,9.2,4.42,284,10,42.8,92.6,32.5,364,13.7,49.1,8.7,14.7,0.201,4.8,78,1.6,65,421,141,66,PMZV_PKA,yes,yes
586,male,65,yes,yes,yes,not,not,not,not,not,not,not,not,not,not,175,78,92,99,25.46938776,1.935125407,120,70,153,6.2,4.65,225,10,45.1,97.2,32.9,339,14.4,51.1,8.7,16.2,0.195,6.7,133,0.7,94,652,143,66,OB,yes,yes
587,female,67,not,not,yes,not,not,not,not,not,not,yes,not,not,not,162,90,98,110,34.29355281,1.944544005,180,90,141,8.6,4.82,202,9,41.7,86.7,29.2,338,14.7,46.8,9.3,15.8,0.187,6.8,82,6.5,78,430,143,88,PMZV,yes,yes
588,male,52,not,not,yes,not,not,not,not,not,not,not,not,not,not,180,73,90,95,22.5308642,1.920220516,120,80,145,16.2,5,239,6,42.5,84.7,28.2,343,13.9,44,8.3,15.9,0.191,5.3,91,7.7,74,289,141,67,OB,yes,yes
589,male,55,yes,yes,yes,not,not,not,not,not,not,not,not,not,not,162,67,98,100,25.52964487,1.715325328,170,80,144,10.7,5,258,3,40.7,94.5,33.1,348,14.5,50.6,8.2,15.7,0.201,4.3,95,2,53,556,142,75,three_vessel,yes,yes
590,female,48,not,yes,not,not,not,not,not,not,not,yes,not,not,not,174,64,64,94,21.13885586,1.771703396,120,75,131,8.3,3.88,228,6,42.5,90.1,31.1,305,16.5,54.5,8.6,16.1,0.371,5.8,95,0,73,201,143,75,NPKA,not,not
591,male,56,not,yes,not,not,not,not,not,not,not,not,not,not,not,170,85,100,104,29.41176471,1.965372319,120,80,125,6.9,5.34,241,5,40.5,94.7,33.2,345,15.4,52.2,7.5,15.8,0.203,6.3,86,4.7,76,435,142,55,three_vessel,yes,yes
592,male,65,not,yes,yes,not,not,yes,not,not,not,yes,not,not,not,169,78,91,98,27.30996814,1.886793583,115,65,144,10,4.28,147,23,42.1,90.2,32.5,367,14.1,47.3,8.8,15.2,0.232,5.7,139,2.4,75,634,143,68,NPKA,not,not
593,female,69,not,not,yes,not,not,not,not,not,not,not,not,not,not,168,84,100,114,29.76190476,1.938805529,190,100,144,12.1,4.67,187,3,43.8,91.2,32.1,350,14.2,47.6,8.5,14.6,0.186,5.2,67,1,64,459,141,75,NPKA,not,not
594,male,64,not,not,yes,not,not,not,not,not,not,not,not,not,not,168,77,92,101,27.28174603,1.868418295,130,70,145,7.8,4.56,189,12,42.1,91.5,32.5,367,14.1,47.3,8.8,15.2,0.234,5.7,89,0,77,564,141,76,NPKA,not,not
595,male,67,yes,yes,yes,not,not,not,not,not,not,not,not,not,not,172,90,92,105,30.42184965,2.030848442,125,80,147,8,4.47,130,11,44,93,31.6,341,14.1,47.6,8.4,15.6,0.168,5.8,78,9.7,71,293,142,60,NPKA,not,not
596,male,59,not,yes,yes,not,not,not,not,not,yes,not,not,yes,not,166,87,95,96,31.57207142,1.950924083,140,90,158,8,4.93,352,5,45,89.5,32.1,345,14.9,45.1,9.1,15.5,0.203,9.9,80,0,71,357,142,75,PMZV_OB,yes,yes
597,male,66,not,not,yes,not,not,not,not,not,not,not,not,not,not,172,88,91,97,29.74580855,2.011544216,170,100,151,6.4,5.32,203,5,45.1,92.6,30.8,354,14.5,47.7,8.9,15.2,0.212,5.5,101,0,75,381,141,65,NPKA,not,not
598,female,70,yes,yes,yes,not,not,not,not,not,not,not,not,yes,not,163,65,98,104,24.4646016,1.70094595,170,100,148,6,5.1,300,11,34.5,86.5,29.4,357,15.9,50.3,10.2,14.1,0.338,7.9,59,0,69,268,143,86,PMZV,yes,yes
599,male,61,yes,yes,yes,not,not,not,not,yes,not,not,not,not,not,172,95,94,106,32.11195241,2.078054723,140,90,145,6,5.35,215,6,45.1,91.1,32,348,14.7,47.5,9.1,15.1,0.198,5.6,71,2.3,62,269,141,60,NPKA,not,not
600,male,54,yes,yes,yes,not,not,not,not,not,not,not,not,not,not,180,95,99,103,29.32098765,2.147689145,140,80,159,5,5.2,199,7,46.5,87.6,30.5,339,14.4,47.6,8.2,16,0.163,6.4,135,1.9,77,486,141,61,NPKA,not,not
